交易日期,作物代號,作物名稱,市場代號,市場名稱,上價,中價,下價,平均價,交易量
107.10.08,rest,休市,104,台北二,0,0,0,0,0
107.10.08,FA800,康乃馨-多朵(混色),105,台北市場,27,27,27,27,72
107.10.08,FA910,小可愛-紅,105,台北市場,50,50,50,50,40
107.10.08,FB000,火鶴花-火鶴花,105,台北市場,19,14,10,14.6,2062
107.10.08,FB001,火鶴花-混色,105,台北市場,10,8,7,8.3,155
107.10.08,FB100,火鶴花-紅色,105,台北市場,22,21,20,21.1,180
107.10.08,FB105,火鶴花-紅綠邊,105,台北市場,16,16,16,16,45
107.10.08,FB106,火鶴花-丘比特,105,台北市場,22,16,10,16.3,4178
107.10.08,FB108,火鶴花-千里達,105,台北市場,17,9,6,10.1,775
107.10.08,FB111,火鶴花-月光,105,台北市場,18,16,12,15.2,515
107.10.08,FB302,火鶴花-黃瑪莉,105,台北市場,19,12,9,13.1,648
107.10.08,FB400,火鶴花-粉色,105,台北市場,15,12,9,11.8,1185
107.10.08,FB401,火鶴花-夏粉　,105,台北市場,12,10,8,9.8,190
107.10.08,FB405,火鶴花-粉綠邊,105,台北市場,15,14,13,14.2,310
107.10.08,FB407,火鶴花-夢幻,105,台北市場,15,12,6,11.2,1517
107.10.08,FB415,火鶴花-羅莎,105,台北市場,19,15,8,14.4,1848
107.10.08,FB416,火鶴花-花仙子,105,台北市場,17,12,8,11.9,152
107.10.08,FB419,火鶴花-太極,105,台北市場,17,12,10,12.7,575
107.10.08,FB420,火鶴花-小紅莓,105,台北市場,16,12,7,11.7,180
107.10.08,FB500,火鶴花-翠綠,105,台北市場,18,11,6,11.6,727
107.10.08,FB601,火鶴花-白青心,105,台北市場,10,9,8,9,125
107.10.08,FB605,火鶴花-嘉年華,105,台北市場,9,7,5,6.8,106
107.10.08,FB606,火鶴花-辛巴,105,台北市場,17,12,10,12.7,300
107.10.08,FB607,火鶴花-月亮女神,105,台北市場,7,7,7,7,31
107.10.08,FB700,火鶴花-花紫,105,台北市場,11,10,7,9.5,313
107.10.08,FB801,火鶴花-咖啡條紋,105,台北市場,9,9,9,9,55
107.10.08,FC000,大菊-大菊,105,台北市場,0,0,0,0,0
107.10.08,FC316,大菊-黃精競,105,台北市場,158,131,101,130.2,387
107.10.08,FC613,大菊-白天星,105,台北市場,131,92,48,91.1,1165
107.10.08,FD000,小菊-小菊,105,台北市場,42,31,31,33.2,275
107.10.08,FD100,小菊-紅,105,台北市場,60,50,50,52,150
107.10.08,FD127,小菊-雙色紅,105,台北市場,42,39,36,39,42
107.10.08,FD131,小菊-小紅娘,105,台北市場,62,61,60,60.8,51
107.10.08,FD138,小菊-卡洛琳,105,台北市場,103,82,59,81.5,921
107.10.08,FD200,小菊-金,105,台北市場,85,66,32,63,553
107.10.08,FD300,小菊-黃,105,台北市場,78,67,39,63.7,183
107.10.08,FD308,小菊-黃丁字菊,105,台北市場,81,46,25,49.1,418
107.10.08,FD321,小菊-吉祥黃,105,台北市場,85,49,39,54.2,168
107.10.08,FD400,小菊-粉,105,台北市場,62,51,33,49.7,721
107.10.08,FD422,小菊-吉祥小粉,105,台北市場,58,37,28,39.3,405
107.10.08,FD423,小菊-粉日記,105,台北市場,41,25,19,27,1118
107.10.08,FD433,小菊-芬蘭小粉,105,台北市場,0,0,0,0,0
107.10.08,FD632,小菊-珍珠白,105,台北市場,92,88,64,83.6,87
107.10.08,FD645,小菊-白斯不列,105,台北市場,166,106,70,110.6,949
107.10.08,FE000,非洲菊-非洲菊,105,台北市場,83,83,83,83,20
107.10.08,FE001,非洲菊-混合色,105,台北市場,83,77,71,77.2,1443
107.10.08,FE100,非洲菊-紅,105,台北市場,125,113,100,112.5,40
107.10.08,FE106,非洲菊-蘿瑞托,105,台北市場,74,71,69,71.3,72
107.10.08,FE202,非洲菊-沙丘,105,台北市場,83,72,70,73.7,225
107.10.08,FE400,非洲菊-粉,105,台北市場,107,107,107,107,20
107.10.08,FE401,非洲菊-伊斯瑪拉,105,台北市場,102,84,68,84.4,437
107.10.08,FE409,非洲菊-粉紅魅力,105,台北市場,84,73,65,73.6,680
107.10.08,FE415,非洲菊-粉美麗,105,台北市場,112,112,112,112,24
107.10.08,FE601,非洲菊-白雪,105,台北市場,92,89,78,87.3,60
107.10.08,FE900,非洲菊-迷你混色,105,台北市場,70,68,66,68,250
107.10.08,FG001,劍蘭-混合色,105,台北市場,71,50,32,49.9,37
107.10.08,FG101,劍蘭-４號,105,台北市場,45,45,45,45,20
107.10.08,FG105,劍蘭-２３５號,105,台北市場,150,109,94,114.6,68
107.10.08,FG113,劍蘭-新種紅,105,台北市場,160,133,78,127.3,49
107.10.08,FG116,劍蘭-雙色金紅,105,台北市場,84,78,63,76.2,777
107.10.08,FG121,劍蘭-２６５號,105,台北市場,189,147,86,143.3,528
107.10.08,FG406,劍蘭-青殼粉,105,台北市場,69,45,28,46.6,1010
107.10.08,FG600,劍蘭-白,105,台北市場,128,124,120,124,32
107.10.08,FH000,其它花卉-其它花卉,105,台北市場,198,44,27,71.5,164
107.10.08,FH004,八卦草(黃河)-八卦草(黃河),105,台北市場,58,52,42,51.4,51
107.10.08,FH006,黃梔花-黃梔花,105,台北市場,42,29,21,29.7,1683
107.10.08,FH072,石蒜-金花,105,台北市場,170,146,143,150.4,29
107.10.08,FH101,天堂鳥-天堂鳥,105,台北市場,93,85,66,83.1,523
107.10.08,FH111,小天堂鳥-紅,105,台北市場,50,50,50,50,23
107.10.08,FH112,小天堂鳥-桔帶紅,105,台北市場,65,56,42,55,244
107.10.08,FH114,小天堂鳥-粉紅,105,台北市場,47,47,47,47,27
107.10.08,FH123,黃金鳥-黃金鳥,105,台北市場,62,56,52,56.3,88
107.10.08,FH131,鶴焦-鶴焦,105,台北市場,38,37,37,37.5,74
107.10.08,FH132,小鶴蕉-小鶴蕉,105,台北市場,90,89,87,89,60
107.10.08,FH133,鶴蕉紅美人-鶴蕉紅美人,105,台北市場,32,32,32,32,30
107.10.08,FH137,觀音蓮-觀音蓮,105,台北市場,28,18,5,17.1,190
107.10.08,FH156,野薑花-白,105,台北市場,69,58,35,55.8,215
107.10.08,FH158,紅薑花-紅,105,台北市場,178,140,79,135.4,326
107.10.08,FH185,嘉蘭<火焰百合>-嘉蘭<火焰百合>,105,台北市場,53,50,48,50.2,182
107.10.08,FH231,夜來香-單瓣,105,台北市場,0,0,0,0,0
107.10.08,FH232,夜來香-重瓣,105,台北市場,109,100,88,99.7,191
107.10.08,FH245,初雪草-初雪草,105,台北市場,189,189,189,189,60
107.10.08,FH251,秀線-秀線,105,台北市場,76,46,25,47.7,975
107.10.08,FH270,千日紅-千日紅,105,台北市場,47,37,35,38.8,230
107.10.08,FH293,向日葵-單瓣,105,台北市場,149,114,75,113.1,477
107.10.08,FH330,雞冠花-雞冠花,105,台北市場,100,96,68,91.4,200
107.10.08,FH331,雞冠花-清紅,105,台北市場,92,73,49,71.8,234
107.10.08,FH332,雞冠花-暗紅,105,台北市場,76,52,42,54.7,252
107.10.08,FH333,雞冠花-黃,105,台北市場,60,60,60,60,12
107.10.08,FH334,雞冠花-綠,105,台北市場,84,84,84,84,38
107.10.08,FH337,雞冠花-紫紅,105,台北市場,100,94,71,90.3,45
107.10.08,FH339,雞冠花-粉,105,台北市場,142,130,85,123.3,45
107.10.08,FH358,珊瑚鳳梨-珊瑚鳳梨,105,台北市場,26,26,21,24.9,370
107.10.08,FH364,金魚草-粉色,105,台北市場,71,65,60,65.2,123
107.10.08,FH366,金魚草-白色,105,台北市場,57,57,55,56.5,57
107.10.08,FH381,麒麟草-麒麟草,105,台北市場,84,75,60,74,1165
107.10.08,FH460,繡球花-繡球花,105,台北市場,36,31,27,31.1,55
107.10.08,FH467,繡球花-藍,105,台北市場,72,60,54,61.2,119
107.10.08,FH468,繡球花-水藍,105,台北市場,63,63,63,63,27
107.10.08,FH470,仙丹花-仙丹花,105,台北市場,73,37,21,40.9,178
107.10.08,FH640,睡蓮-睡蓮,105,台北市場,47,43,41,43.6,84
107.10.08,FH661,伯利恆之星-伯利恆之星,105,台北市場,88,79,65,77.8,385
107.10.08,FH670,茉莉花-茉莉花,105,台北市場,13,12,11,11.7,1620
107.10.08,FH710,深山櫻-深山櫻,105,台北市場,95,95,95,95,25
107.10.08,FK419,葵百合-阿卡波克紅多朵,105,台北市場,205,202,201,202.5,128
107.10.08,FL112,LA百合-紅雙朵,105,台北市場,91,91,91,91,44
107.10.08,FL113,LA百合-紅三朵,105,台北市場,113,113,111,112.6,100
107.10.08,FL119,LA百合-紅多朵,105,台北市場,119,119,117,118.5,80
107.10.08,FO000,蘭花-蘭花,105,台北市場,206,52,37,80.3,273
107.10.08,FO005,腎藥蘭-淺紅色,105,台北市場,150,100,100,109.5,37
107.10.08,FO006,腎藥蘭-腎藥蘭,105,台北市場,118,100,74,98.2,291
107.10.08,FO007,千代蘭-千代蘭,105,台北市場,153,116,81,116.6,756
107.10.08,FO008,嘉德麗蘭-嘉德麗蘭,105,台北市場,86,86,86,86,11
107.10.08,FO009,萬代蘭-萬代蘭,105,台北市場,196,149,113,151.4,293
107.10.08,FO011,拖鞋蘭-拖鞋蘭,105,台北市場,21,21,21,21,90
107.10.08,FO014,樹蘭-樹蘭,105,台北市場,36,35,30,34,60
107.10.08,FO020,萬代蘭-巨輪混,105,台北市場,30,26,21,25.8,145
107.10.08,FO021,萬代蘭-巨輪紅,105,台北市場,38,31,22,30.7,267
107.10.08,FO022,萬代蘭-巨輪橙,105,台北市場,53,40,36,41.6,76
107.10.08,FO023,萬代蘭-巨輪黃,105,台北市場,29,23,20,23.8,147
107.10.08,FO024,萬代蘭-巨輪粉,105,台北市場,71,45,26,46.2,586
107.10.08,FO025,萬代蘭-巨輪綠,105,台北市場,50,37,30,38.3,65
107.10.08,FO026,萬代蘭-巨輪白,105,台北市場,35,35,35,35,10
107.10.08,FO027,萬代蘭-巨輪紫,105,台北市場,61,41,25,41.4,722
107.10.08,FO028,萬代蘭-巨輪淺紫,105,台北市場,30,30,30,30,21
107.10.08,FO029,萬代蘭-巨輪棕,105,台北市場,0,0,0,0,0
107.10.08,FO213,虎頭蘭-大輪黃,105,台北市場,78,69,61,69.3,45
107.10.08,FO331,大文心蘭-大文心蘭,105,台北市場,38,33,26,32.5,90
107.10.08,FO335,檸檬綠文心蘭-檸檬綠文心蘭,105,台北市場,66,40,27,42.5,2771
107.10.08,FO361,文心蘭-白雪,105,台北市場,200,163,125,162.5,16
107.10.08,FO500,石斛蘭-混合色,105,台北市場,86,83,81,83.3,26
107.10.08,FO534,石斛蘭-綠寶石黃,105,台北市場,125,106,91,106.1,27
107.10.08,FO560,石斛蘭-白,105,台北市場,119,109,102,109.6,27
107.10.08,FO663,蝴蝶蘭-白黃心,105,台北市場,150,144,139,144.3,260
107.10.08,FR000,玫瑰-玫瑰,105,台北市場,368,226,104,230,184
107.10.08,FR100,玫瑰-紅,105,台北市場,220,156,97,156.4,72
107.10.08,FR111,玫瑰-新櫻紅,105,台北市場,220,220,220,220,9
107.10.08,FR112,玫瑰-紅衣武士,105,台北市場,160,133,109,133.1,42
107.10.08,FR117,玫瑰-萬年紅,105,台北市場,184,81,42,93.9,1182
107.10.08,FR120,玫瑰-埔里之星,105,台北市場,332,196,89,201.6,114
107.10.08,FR122,玫瑰-卡門,105,台北市場,214,135,66,137.1,150
107.10.08,FR204,玫瑰-新橙色,105,台北市場,218,165,120,166.6,49
107.10.08,FR400,玫瑰-粉,105,台北市場,206,145,94,146.8,36
107.10.08,FR408,玫瑰-黛安娜粉,105,台北市場,173,108,57,110.4,177
107.10.08,FR411,玫瑰-桃紅,105,台北市場,173,122,76,122.9,235
107.10.08,FR417,玫瑰-甜心,105,台北市場,161,151,110,145.6,38
107.10.08,FR429,玫瑰-鐵達尼,105,台北市場,230,210,190,208.8,17
107.10.08,FR434,玫瑰-卡蜜拉,105,台北市場,237,169,116,172.5,123
107.10.08,FR436,玫瑰-翡翠粉,105,台北市場,361,235,108,234.9,365
107.10.08,FR438,玫瑰-維納斯,105,台北市場,344,293,160,276.6,75
107.10.08,FR439,玫瑰-翡翠香檳,105,台北市場,290,216,114,210.3,120
107.10.08,FR452,玫瑰-珍愛你,105,台北市場,430,390,350,390,21
107.10.08,FR500,玫瑰-綠,105,台北市場,178,168,160,168.2,11
107.10.08,FR600,玫瑰-白,105,台北市場,257,150,68,153.2,57
107.10.08,FR607,玫瑰-翡翠白,105,台北市場,244,134,80,145.5,578
107.10.08,FR700,玫瑰-紫,105,台北市場,305,249,165,243.2,51
107.10.08,FR705,玫瑰-紫天王,105,台北市場,150,101,70,104.5,194
107.10.08,FR708,玫瑰-紫愛你,105,台北市場,187,124,72,125.7,107
107.10.08,FR812,玫瑰-冰火,105,台北市場,50,50,50,50,8
107.10.08,FR814,玫瑰-山中傳奇,105,台北市場,218,157,106,161.4,23
107.10.08,FR910,玫瑰-迷你紅,105,台北市場,150,133,120,133.6,44
107.10.08,FR930,玫瑰-迷你黃,105,台北市場,250,190,160,194.1,22
107.10.08,FR940,玫瑰-迷你粉,105,台北市場,0,0,0,0,0
107.10.08,FS000,香水百合-香水百合,105,台北市場,232,158,122,165.9,70
107.10.08,FS003,香水百合-三朵,105,台北市場,280,256,236,256.7,34
107.10.08,FS009,香水百合-多朵,105,台北市場,326,244,241,259.9,116
107.10.08,FS010,香水百合-紅,105,台北市場,281,227,179,228,25
107.10.08,FS012,香水百合-紅雙朵,105,台北市場,236,225,210,224.1,68
107.10.08,FS013,香水百合-紅三朵,105,台北市場,289,265,245,266,170
107.10.08,FS019,香水百合-紅多朵,105,台北市場,316,294,231,285.8,370
107.10.08,FS032,香水百合-黃雙朵,105,台北市場,189,188,186,187.9,172
107.10.08,FS033,香水百合-黃三朵,105,台北市場,238,233,189,224.9,300
107.10.08,FS039,香水百合-黃多朵,105,台北市場,255,237,179,228.7,430
107.10.08,FS063,香水百合-白三朵,105,台北市場,171,171,171,171,16
107.10.08,FS069,香水百合-白多朵,105,台北市場,204,188,143,182.1,192
107.10.08,FS350,香水百合-索邦妮,105,台北市場,172,172,172,172,18
107.10.08,FS351,香水百合-索邦妮單朵,105,台北市場,102,96,90,95.9,43
107.10.08,FS352,香水百合-索邦妮雙朵,105,台北市場,150,150,150,150,17
107.10.08,FS353,香水百合-索邦妮三朵,105,台北市場,176,176,176,176,15
107.10.08,FS359,香水百合-索邦妮多朵,105,台北市場,201,187,181,188.5,86
107.10.08,FS440,香水百合-馬可波羅粉,105,台北市場,156,117,82,116.7,32
107.10.08,FS441,香水百合-馬可波羅粉單朵,105,台北市場,112,101,87,100.6,74
107.10.08,FS442,香水百合-馬可波羅粉雙朵,105,台北市場,176,158,144,158.7,625
107.10.08,FS443,香水百合-馬可波羅粉三朵,105,台北市場,199,167,152,170.7,1043
107.10.08,FS449,香水百合-馬可波羅粉多朵,105,台北市場,237,170,150,179.1,476
107.10.08,FS469,香水百合-白多朵,105,台北市場,211,177,167,181.7,66
107.10.08,FS470,水晶香水-水晶香水,105,台北市場,174,131,79,129.2,66
107.10.08,FS472,水晶香水-雙朵,105,台北市場,201,165,71,152.3,62
107.10.08,FS473,水晶香水-三朵,105,台北市場,246,213,120,200.9,362
107.10.08,FS479,水晶香水-多朵,105,台北市場,276,223,163,221.5,527
107.10.08,FS590,薇薇安娜-薇薇安娜,105,台北市場,213,159,112,160.3,81
107.10.08,FS592,薇薇安娜-雙朵,105,台北市場,227,178,122,176.3,321
107.10.08,FS593,薇薇安娜-三朵,105,台北市場,285,248,146,235.3,451
107.10.08,FS599,薇薇安娜-多朵,105,台北市場,314,282,239,279.6,260
107.10.08,FS600,香水百合-康卡多,105,台北市場,150,150,150,150,13
107.10.08,FS603,香水百合-康卡多三朵,105,台北市場,202,194,178,192.1,34
107.10.08,FS609,香水百合-康卡多多朵,105,台北市場,250,236,213,234.4,284
107.10.08,FS620,香水百合-耶蘿琳,105,台北市場,144,144,144,144,22
107.10.08,FS622,香水百合-耶蘿琳雙朵,105,台北市場,118,118,116,117.4,85
107.10.08,FS623,香水百合-耶蘿琳三朵,105,台北市場,138,137,131,135.9,85
107.10.08,FS629,香水百合-耶蘿琳多朵,105,台北市場,174,160,151,161.2,764
107.10.08,FS630,OT曼尼薩-OT曼尼薩,105,台北市場,237,191,179,197.7,51
107.10.08,FS632,OT曼尼薩-雙朵,105,台北市場,219,214,193,210.6,242
107.10.08,FS633,OT曼尼薩-三朵,105,台北市場,261,223,188,223.8,802
107.10.08,FS639,OT曼尼薩-多朵,105,台北市場,310,248,197,250.2,709
107.10.08,FS680,OT多娜托-OT多娜托,105,台北市場,224,124,83,137.1,43
107.10.08,FS681,OT多娜托-單朵,105,台北市場,103,103,103,103,20
107.10.08,FS682,OT多娜托-雙朵,105,台北市場,218,197,180,198.3,68
107.10.08,FS683,OT多娜托-三朵,105,台北市場,242,238,207,232.7,116
107.10.08,FS689,OT多娜托-多朵,105,台北市場,284,238,217,242.9,658
107.10.08,FT061,鐵砲百合-白單朵,105,台北市場,134,125,109,123.5,129
107.10.08,FT062,鐵砲百合-白雙朵,105,台北市場,158,112,104,119.5,148
107.10.08,FT063,鐵砲百合-白三朵,105,台北市場,177,159,123,155.4,40
107.10.08,FU000,洋桔梗-洋桔梗,105,台北市場,99,99,99,99,12
107.10.08,FU402,洋桔梗-雙瓣(混色),105,台北市場,200,176,150,176.3,48
107.10.08,FU412,洋桔梗-雙瓣紅,105,台北市場,240,240,240,240,12
107.10.08,FU415,洋桔梗-艾瑞娜桃,105,台北市場,170,170,170,170,30
107.10.08,FU442,洋桔梗-雙瓣粉,105,台北市場,229,179,112,175.7,430
107.10.08,FU449,洋桔梗-艾瑞娜彩粉,105,台北市場,228,183,153,185.9,382
107.10.08,FU453,洋桔梗-雙瓣綠,105,台北市場,190,190,190,190,27
107.10.08,FU458,洋桔梗-艾瑞娜綠,105,台北市場,215,169,126,169.3,122
107.10.08,FU462,洋桔梗-雙瓣白,105,台北市場,176,149,105,145,107
107.10.08,FU467,洋桔梗-艾瑞娜白,105,台北市場,169,169,169,169,12
107.10.08,FU472,洋桔梗-雙瓣紫,105,台北市場,231,192,155,192.4,217
107.10.08,FU477,洋桔梗-羅西娜薰衣草紫,105,台北市場,170,170,170,170,24
107.10.08,FU478,洋桔梗-羅西娜紫,105,台北市場,248,207,132,200.2,166
107.10.08,FU480,洋桔梗-順風紫,105,台北市場,150,133,82,126.2,56
107.10.08,FU572,洋桔梗-雙瓣白紫邊,105,台北市場,225,204,143,195.5,62
107.10.08,FW210,孔雀混色-混色,105,台北市場,166,163,161,163.3,15
107.10.08,FW271,紫孔雀-春天,105,台北市場,28,28,28,28,180
107.10.08,FW471,卡斯比亞-帶葉,105,台北市場,90,89,89,89.2,150
107.10.08,FW472,卡斯比亞-無葉,105,台北市場,91,88,62,83.1,215
107.10.08,FW568,滿天星-銀河,105,台北市場,75,72,70,72.1,137
107.10.08,FW631,水晶花-黃鑽,105,台北市場,165,165,165,165,7
107.10.08,FY000,切葉類-切葉類,105,台北市場,57,33,32,37.9,220
107.10.08,FY001,尤加利葉-尤加利葉,105,台北市場,83,75,36,68.9,890
107.10.08,FY002,壽松-壽松,105,台北市場,30,26,23,26,70
107.10.08,FY003,唐棉-唐棉,105,台北市場,92,79,67,78.9,96
107.10.08,FY004,黃椰心葉-葉,105,台北市場,100,62,15,60,833
107.10.08,FY008,銀龍柳-銀龍柳,105,台北市場,11,10,10,10.3,180
107.10.08,FY009,電信蘭葉-電信蘭葉,105,台北市場,78,49,16,48.4,690
107.10.08,FY010,七里香-七里香,105,台北市場,0,0,0,0,0
107.10.08,FY011,火鶴葉-火鶴葉,105,台北市場,0,0,0,0,0
107.10.08,FY013,星點木-星點木,105,台北市場,89,69,57,70.6,103
107.10.08,FY015,葉蘭-葉蘭,105,台北市場,30,24,18,23.9,205
107.10.08,FY017,八角金盤-八角金盤,105,台北市場,38,30,20,29.3,650
107.10.08,FY021,扁柏-扁柏,105,台北市場,28,26,23,25.6,594
107.10.08,FY022,鋸齒蔓綠絨葉-鋸齒蔓綠絨葉,105,台北市場,16,16,16,16,76
107.10.08,FY030,新文竹-新文竹,105,台北市場,74,71,43,65.9,122
107.10.08,FY031,牛頭茄-牛頭茄,105,台北市場,62,52,40,51.3,74
107.10.08,FY035,龍文蘭-龍文蘭,105,台北市場,25,25,25,25,35
107.10.08,FY041,水燭花-水燭花,105,台北市場,16,16,16,16,50
107.10.08,FY050,山蘇葉-山蘇葉,105,台北市場,24,20,15,20,470
107.10.08,FY057,百合竹-百合竹,105,台北市場,8,5,5,5.7,1760
107.10.08,FY069,天堂鳥葉-天堂鳥葉,105,台北市場,40,40,40,40,60
107.10.08,FY071,雪松-雪松,105,台北市場,90,90,90,90,25
107.10.08,FY082,春樹蘭-香樹蘭,105,台北市場,10,10,10,10,147
107.10.08,FY083,紐西蘭麻-紐西蘭麻,105,台北市場,83,83,83,83,16
107.10.08,FY084,火龍果-火龍果,105,台北市場,193,172,124,166.9,510
107.10.08,FY086,綠春蘭葉-綠春蘭葉,105,台北市場,10,10,10,10,395
107.10.08,FY093,水燭葉-水燭葉,105,台北市場,13,12,10,11.7,768
107.10.08,FY100,山防風-山防風,105,台北市場,114,100,90,100.7,99
107.10.08,FY991,青竹-青竹,105,台北市場,48,48,48,48,24
107.10.08,FY992,紅竹-紅竹,105,台北市場,51,39,28,39.2,171
107.10.08,FY993,白竹-白竹,105,台北市場,42,35,28,35.2,1731
107.10.08,FY994,花竹-花竹,105,台北市場,59,59,59,59,17
107.10.08,IA000,進口康乃馨-中大輪,105,台北市場,106,106,106,106,144
107.10.08,IA001,進口康乃馨-混合色,105,台北市場,113,108,100,107.5,412
107.10.08,IA100,進口康乃馨-紅,105,台北市場,111,111,111,111,212
107.10.08,IC000,進口大菊-進口大菊,105,台北市場,158,158,158,158,80
107.10.08,IC350,進口大菊-黃乒乓,105,台北市場,180,172,170,172.9,160
107.10.08,IC608,進口大菊-白乒乓,105,台北市場,194,181,170,181.6,287
107.10.08,IH000,進口其它花卉-進口其它花卉,105,台北市場,254,127,44,135.8,1584
107.10.08,IH090,進口針墊花-進口針墊花,105,台北市場,50,41,32,40.9,3145
107.10.08,IH225,進口帝王花-進口帝王花,105,台北市場,257,156,100,165.3,244
107.10.08,IH390,進口泡盛草-進口泡盛草,105,台北市場,145,145,145,145,50
107.10.08,IH420,進口孤挺花-進口孤挺花,105,台北市場,99,88,83,89.1,111
107.10.08,IH443,進口小蒼蘭-黃色,105,台北市場,180,180,180,180,10
107.10.08,IH460,進口繡球花-進口繡球花,105,台北市場,203,111,57,118.8,1751
107.10.08,IH600,進口臘梅-進口臘梅,105,台北市場,139,122,101,121,352
107.10.08,IH613,進口鬱金香-黃色,105,台北市場,165,164,150,161.3,20
107.10.08,IH616,進口鬱金香-白色,105,台北市場,185,185,185,185,15
107.10.08,IH617,進口鬱金香-紫色,105,台北市場,150,150,150,150,10
107.10.08,IH618,進口鬱金香-雙色,105,台北市場,168,167,155,164.8,20
107.10.08,IH770,鬱金香-進口 非洲,105,台北市場,180,138,99,138.5,151
107.10.08,IO201,進口虎頭蘭-大輪,105,台北市場,289,244,223,248.7,357
107.10.08,IO519,進口石斛蘭-深紅,105,台北市場,115,106,80,102.8,1498
107.10.08,IO560,進口石斛蘭-白,105,台北市場,96,84,77,85.1,190
107.10.08,IR000,進口玫瑰-進口玫瑰,105,台北市場,520,454,300,432.2,27
107.10.08,IR001,進口玫瑰-混合色,105,台北市場,450,450,438,447.5,59
107.10.08,IR100,進口玫瑰-紅,105,台北市場,470,451,376,439.7,262
107.10.08,IR105,進口玫瑰-櫻紅,105,台北市場,285,283,280,282.5,10
107.10.08,IR200,進口玫瑰-橙,105,台北市場,310,303,300,303.8,16
107.10.08,IR300,進口玫瑰-黃,105,台北市場,463,333,232,342.9,28
107.10.08,IR400,進口玫瑰-粉,105,台北市場,510,340,255,357,74
107.10.08,IR402,進口玫瑰-薄粉,105,台北市場,353,353,353,353,5
107.10.08,IR600,進口玫瑰-白,105,台北市場,510,433,300,422,25
107.10.08,IR700,進口玫瑰-紫,105,台北市場,469,353,314,368.3,60
107.10.08,IR800,進口玫瑰-雙色,105,台北市場,478,464,449,463.5,16
107.10.08,IW560,進口滿天星-白,105,台北市場,133,130,128,130.1,1238
107.10.08,IY000,進口切葉類-進口切葉類,105,台北市場,185,172,151,170.2,240
107.10.08,IY087,進口樺木(假葉)-進口樺木(假葉),105,台北市場,87,87,87,87,175
107.10.08,rest,休市,109,台北一,0,0,0,0,0
107.10.08,rest,休市,220,板橋區,0,0,0,0,0
107.10.08,rest,休市,241,三重區,0,0,0,0,0
107.10.08,rest,休市,260,宜蘭市,0,0,0,0,0
107.10.08,rest,休市,338,桃農,0,0,0,0,0
107.10.08,FA104,康乃馨-櫻紅,400,台中市場,27,27,27,27,30
107.10.08,FA800,康乃馨-多朵(混色),400,台中市場,16,16,16,16,72
107.10.08,FA840,康乃馨-多朵粉,400,台中市場,28,28,28,28,30
107.10.08,FB000,火鶴花-火鶴花,400,台中市場,15,12,10,12,71
107.10.08,FB001,火鶴花-混色,400,台中市場,8,8,8,8,39
107.10.08,FB103,火鶴花-紅青心,400,台中市場,7,6,5,6,504
107.10.08,FB106,火鶴花-丘比特,400,台中市場,16,10,6,10,1732
107.10.08,FB111,火鶴花-月光,400,台中市場,12,8,7,8,345
107.10.08,FB407,火鶴花-夢幻,400,台中市場,8,6,5,6,1247
107.10.08,FB415,火鶴花-羅莎,400,台中市場,11,7,6,8,439
107.10.08,FB416,火鶴花-花仙子,400,台中市場,8,8,8,8,60
107.10.08,FB419,火鶴花-太極,400,台中市場,15,10,6,10,1021
107.10.08,FB420,火鶴花-小紅莓,400,台中市場,9,6,5,7,210
107.10.08,FB502,火鶴花-綠紅心,400,台中市場,13,10,8,10,74
107.10.08,FB607,火鶴花-月亮女神,400,台中市場,9,8,6,8,192
107.10.08,FC316,大菊-黃精競,400,台中市場,72,43,28,46,129
107.10.08,FC613,大菊-白天星,400,台中市場,43,33,24,33,444
107.10.08,FC800,大菊-  染色大菊,400,台中市場,25,25,25,25,25
107.10.08,FD000,小菊-小菊,400,台中市場,19,19,19,19,75
107.10.08,FD001,小菊-混合色,400,台中市場,45,32,20,32,78
107.10.08,FD127,小菊-雙色紅,400,台中市場,27,27,27,27,30
107.10.08,FD131,小菊-小紅娘,400,台中市場,25,15,15,17,250
107.10.08,FD138,小菊-卡洛琳,400,台中市場,36,36,36,36,60
107.10.08,FD200,小菊-金,400,台中市場,41,30,20,30,170
107.10.08,FD308,小菊-黃丁字菊,400,台中市場,28,17,15,19,114
107.10.08,FD400,小菊-粉,400,台中市場,28,20,15,20,91
107.10.08,FD422,小菊-吉祥小粉,400,台中市場,27,24,22,24,159
107.10.08,FD423,小菊-粉日記,400,台中市場,32,21,16,23,393
107.10.08,FD645,小菊-白斯不列,400,台中市場,62,60,43,57,94
107.10.08,FD800,小菊-染色小菊,400,台中市場,43,43,43,43,18
107.10.08,FE000,非洲菊-非洲菊,400,台中市場,48,48,48,48,24
107.10.08,FE001,非洲菊-混合色,400,台中市場,87,70,51,69,771
107.10.08,FE100,非洲菊-紅,400,台中市場,61,61,61,61,20
107.10.08,FE201,非洲菊-太陽神,400,台中市場,51,46,41,46,40
107.10.08,FE400,非洲菊-粉,400,台中市場,62,62,62,62,33
107.10.08,FE401,非洲菊-伊斯瑪拉,400,台中市場,81,63,54,65,270
107.10.08,FE409,非洲菊-粉紅魅力,400,台中市場,71,64,53,63,70
107.10.08,FE415,非洲菊-粉美麗,400,台中市場,71,71,71,71,20
107.10.08,FE600,非洲菊-白,400,台中市場,73,73,73,73,14
107.10.08,FE900,非洲菊-迷你混色,400,台中市場,100,100,100,100,50
107.10.08,FG105,劍蘭-２３５號,400,台中市場,65,65,65,65,18
107.10.08,FG406,劍蘭-青殼粉,400,台中市場,55,43,36,44,90
107.10.08,FH000,其它花卉-其它花卉,400,台中市場,25,25,25,25,36
107.10.08,FH006,黃梔花-黃梔花,400,台中市場,39,23,17,25,1028
107.10.08,FH072,石蒜-金花,400,台中市場,29,29,29,29,32
107.10.08,FH101,天堂鳥-天堂鳥,400,台中市場,64,38,18,39,137
107.10.08,FH112,小天堂鳥-桔帶紅,400,台中市場,24,20,20,21,160
107.10.08,FH114,小天堂鳥-粉紅,400,台中市場,30,22,20,23,60
107.10.08,FH131,鶴焦-鶴焦,400,台中市場,21,21,21,21,30
107.10.08,FH137,觀音蓮-觀音蓮,400,台中市場,6,6,6,6,75
107.10.08,FH139,石玫瑰-石玫瑰,400,台中市場,16,16,16,16,70
107.10.08,FH140,薑荷花-薑荷花,400,台中市場,18,16,15,16,76
107.10.08,FH156,野薑花-白,400,台中市場,42,37,33,37,143
107.10.08,FH158,紅薑花-紅,400,台中市場,67,27,15,33,136
107.10.08,FH195,玉蘭花-玉蘭花,400,台中市場,200,200,200,200,4
107.10.08,FH251,秀線-秀線,400,台中市場,29,22,15,22,240
107.10.08,FH293,向日葵-單瓣,400,台中市場,65,43,26,44,190
107.10.08,FH330,雞冠花-雞冠花,400,台中市場,15,15,15,15,52
107.10.08,FH331,雞冠花-清紅,400,台中市場,51,45,25,42,60
107.10.08,FH332,雞冠花-暗紅,400,台中市場,40,40,40,40,20
107.10.08,FH381,麒麟草-麒麟草,400,台中市場,82,76,33,69,189
107.10.08,FH640,睡蓮-睡蓮,400,台中市場,60,54,31,51,66
107.10.08,FH661,伯利恆之星-伯利恆之星,400,台中市場,65,50,35,50,123
107.10.08,FH670,茉莉花-茉莉花,400,台中市場,28,19,14,20,300
107.10.08,FK410,葵百合-阿卡波克紅,400,台中市場,109,109,109,109,19
107.10.08,FK413,葵百合-阿卡波克紅三朵,400,台中市場,167,167,167,167,16
107.10.08,FK419,葵百合-阿卡波克紅多朵,400,台中市場,131,131,131,131,16
107.10.08,FO006,腎藥蘭-腎藥蘭,400,台中市場,7,6,5,6,650
107.10.08,FO007,千代蘭-千代蘭,400,台中市場,10,7,5,7,1120
107.10.08,FO009,萬代蘭-萬代蘭,400,台中市場,16,10,7,11,273
107.10.08,FO027,萬代蘭-巨輪紫,400,台中市場,58,58,58,58,14
107.10.08,FO213,虎頭蘭-大輪黃,400,台中市場,60,58,50,57,60
107.10.08,FO335,檸檬綠文心蘭-檸檬綠文心蘭,400,台中市場,38,24,20,26,629
107.10.08,FR000,玫瑰-玫瑰,400,台中市場,221,143,98,150,128
107.10.08,FR001,玫瑰-混合色,400,台中市場,160,160,160,160,6
107.10.08,FR111,玫瑰-新櫻紅,400,台中市場,96,56,37,60,103
107.10.08,FR117,玫瑰-萬年紅,400,台中市場,176,98,39,102,257
107.10.08,FR120,玫瑰-埔里之星,400,台中市場,340,212,140,223,85
107.10.08,FR122,玫瑰-卡門,400,台中市場,130,82,37,83,24
107.10.08,FR408,玫瑰-黛安娜粉,400,台中市場,225,181,123,178,72
107.10.08,FR412,玫瑰-新香檳粉,400,台中市場,180,133,109,137,68
107.10.08,FR427,玫瑰-胭脂,400,台中市場,190,153,90,147,28
107.10.08,FR430,玫瑰-新鐵達尼,400,台中市場,200,180,160,180,12
107.10.08,FR431,玫瑰-東方之星,400,台中市場,211,171,118,169,32
107.10.08,FR434,玫瑰-卡蜜拉,400,台中市場,160,127,91,127,24
107.10.08,FR436,玫瑰-翡翠粉,400,台中市場,270,184,170,199,38
107.10.08,FR600,玫瑰-白,400,台中市場,280,280,280,280,4
107.10.08,FR607,玫瑰-翡翠白,400,台中市場,257,157,87,163,58
107.10.08,FR700,玫瑰-紫,400,台中市場,165,134,102,134,12
107.10.08,FR705,玫瑰-紫天王,400,台中市場,191,126,55,125,95
107.10.08,FR812,玫瑰-冰火,400,台中市場,98,78,57,78,12
107.10.08,FR815,玫瑰-雪之戀,400,台中市場,160,160,160,160,5
107.10.08,FR910,玫瑰-迷你紅,400,台中市場,49,49,49,49,12
107.10.08,FS000,香水百合-香水百合,400,台中市場,195,145,78,142,63
107.10.08,FS009,香水百合-多朵,400,台中市場,220,220,220,220,32
107.10.08,FS010,香水百合-紅,400,台中市場,151,151,151,151,18
107.10.08,FS011,香水百合-紅單朵,400,台中市場,68,68,68,68,12
107.10.08,FS012,香水百合-紅雙朵,400,台中市場,155,129,108,130,26
107.10.08,FS013,香水百合-紅三朵,400,台中市場,172,147,134,149,25
107.10.08,FS019,香水百合-紅多朵,400,台中市場,212,212,212,212,11
107.10.08,FS030,香水百合-黃,400,台中市場,149,149,149,149,16
107.10.08,FS042,香水百合-粉雙朵,400,台中市場,150,150,150,150,15
107.10.08,FS043,香水百合-粉三朵,400,台中市場,186,186,186,186,12
107.10.08,FS063,香水百合-白三朵,400,台中市場,147,145,136,144,41
107.10.08,FS069,香水百合-白多朵,400,台中市場,164,141,134,144,180
107.10.08,FS353,香水百合-索邦妮三朵,400,台中市場,144,144,144,144,16
107.10.08,FS359,香水百合-索邦妮多朵,400,台中市場,141,141,141,141,32
107.10.08,FS440,香水百合-馬可波羅粉,400,台中市場,99,81,61,81,120
107.10.08,FS443,香水百合-馬可波羅粉三朵,400,台中市場,131,131,131,131,16
107.10.08,FS449,香水百合-馬可波羅粉多朵,400,台中市場,194,135,88,138,193
107.10.08,FS463,香水百合-白三朵,400,台中市場,164,159,153,159,24
107.10.08,FS469,香水百合-白多朵,400,台中市場,178,170,143,166,45
107.10.08,FS470,水晶香水-水晶香水,400,台中市場,191,181,151,177,26
107.10.08,FS472,水晶香水-雙朵,400,台中市場,151,151,151,151,16
107.10.08,FS473,水晶香水-三朵,400,台中市場,220,176,160,181,57
107.10.08,FS479,水晶香水-多朵,400,台中市場,230,185,156,188,70
107.10.08,FS592,薇薇安娜-雙朵,400,台中市場,143,141,120,137,49
107.10.08,FS593,薇薇安娜-三朵,400,台中市場,172,171,168,171,36
107.10.08,FS599,薇薇安娜-多朵,400,台中市場,180,151,126,152,47
107.10.08,FS603,香水百合-康卡多三朵,400,台中市場,179,153,124,153,34
107.10.08,FS609,香水百合-康卡多多朵,400,台中市場,212,203,178,200,58
107.10.08,FS621,香水百合-耶蘿琳單朵,400,台中市場,115,115,115,115,21
107.10.08,FS622,香水百合-耶蘿琳雙朵,400,台中市場,96,95,94,95,58
107.10.08,FS623,香水百合-耶蘿琳三朵,400,台中市場,123,123,123,123,20
107.10.08,FS629,香水百合-耶蘿琳多朵,400,台中市場,146,132,131,135,136
107.10.08,FS630,OT曼尼薩-OT曼尼薩,400,台中市場,183,175,169,175,25
107.10.08,FS632,OT曼尼薩-雙朵,400,台中市場,153,129,93,127,135
107.10.08,FS633,OT曼尼薩-三朵,400,台中市場,223,200,158,196,176
107.10.08,FS639,OT曼尼薩-多朵,400,台中市場,245,218,157,211,77
107.10.08,FS673,OT羅賓娜-三朵,400,台中市場,135,135,135,135,36
107.10.08,FS679,OT羅賓娜-多朵,400,台中市場,132,132,132,132,14
107.10.08,FS680,OT多娜托-OT多娜托,400,台中市場,146,146,146,146,14
107.10.08,FS683,OT多娜托-三朵,400,台中市場,177,169,157,168,36
107.10.08,FS689,OT多娜托-多朵,400,台中市場,230,185,108,179,170
107.10.08,FS829,百合-巴卡蒂多朵,400,台中市,163,163,163,163,36
107.10.08,FS830,百合-塔拉果,400,台中市,150,150,150,150,14
107.10.08,FS833,百合-塔拉果三朵,400,台中市,160,160,160,160,28
107.10.08,FS839,百合-塔拉果多朵,400,台中市,176,176,176,176,24
107.10.08,FT061,鐵砲百合-白單朵,400,台中市場,67,67,67,67,40
107.10.08,FT062,鐵砲百合-白雙朵,400,台中市場,66,66,66,66,32
107.10.08,FT063,鐵砲百合-白三朵,400,台中市場,73,73,73,73,28
107.10.08,FU000,洋桔梗-洋桔梗,400,台中市場,89,88,87,88,24
107.10.08,FU274,洋桔梗-莫內馬林白紫,400,台中市場,168,149,128,149,25
107.10.08,FU402,洋桔梗-雙瓣(混色),400,台中市場,171,161,101,151,61
107.10.08,FU442,洋桔梗-雙瓣粉,400,台中市場,148,106,47,103,71
107.10.08,FU449,洋桔梗-艾瑞娜彩粉,400,台中市場,170,153,61,137,43
107.10.08,FU453,洋桔梗-雙瓣綠,400,台中市場,200,200,200,200,10
107.10.08,FU458,洋桔梗-艾瑞娜綠,400,台中市場,190,152,135,156,60
107.10.08,FU462,洋桔梗-雙瓣白,400,台中市場,188,188,188,188,12
107.10.08,FU472,洋桔梗-雙瓣紫,400,台中市場,156,130,85,126,80
107.10.08,FU477,洋桔梗-羅西娜薰衣草紫,400,台中市場,141,141,141,141,12
107.10.08,FU478,洋桔梗-羅西娜紫,400,台中市場,175,135,84,133,49
107.10.08,FU572,洋桔梗-雙瓣白紫邊,400,台中市場,159,125,90,125,24
107.10.08,FW100,星辰花-混色,400,台中市場,120,120,120,120,24
107.10.08,FW240,粉孔雀-粉孔雀,400,台中市場,15,15,15,15,22
107.10.08,FW271,紫孔雀-春天,400,台中市場,25,20,15,20,60
107.10.08,FW471,卡斯比亞-帶葉,400,台中市場,86,86,86,86,25
107.10.08,FW472,卡斯比亞-無葉,400,台中市場,59,49,48,50,97
107.10.08,FW567,滿天星-牽牛星,400,台中市場,48,48,48,48,25
107.10.08,FW568,滿天星-銀河,400,台中市場,91,56,36,59,173
107.10.08,FY000,切葉類-切葉類,400,台中市場,28,25,22,25,40
107.10.08,FY004,黃椰心葉-葉,400,台中市場,69,39,17,41,300
107.10.08,FY009,電信蘭葉-電信蘭葉,400,台中市場,28,19,13,20,524
107.10.08,FY017,八角金盤-八角金盤,400,台中市場,31,22,16,22,280
107.10.08,FY027,虎斑木葉-虎斑木葉,400,台中市場,12,12,12,12,50
107.10.08,FY028,高梁-高梁,400,台中市場,10,10,10,10,18
107.10.08,FY030,新文竹-新文竹,400,台中市場,40,40,40,40,15
107.10.08,FY035,龍文蘭-龍文蘭,400,台中市場,11,11,11,11,50
107.10.08,FY041,水燭花-水燭花,400,台中市場,27,27,27,27,50
107.10.08,FY050,山蘇葉-山蘇葉,400,台中市場,13,11,10,11,55
107.10.08,FY057,百合竹-百合竹,400,台中市場,16,13,10,13,192
107.10.08,FY061,洛神葵-洛神葵,400,台中市場,40,40,40,40,25
107.10.08,FY069,天堂鳥葉-天堂鳥葉,400,台中市場,30,30,30,30,40
107.10.08,FY083,紐西蘭麻-紐西蘭麻,400,台中市場,57,57,57,57,32
107.10.08,FY084,火龍果-火龍果,400,台中市場,110,103,95,103,37
107.10.08,FY085,珠廉-珠廉,400,台中市場,10,10,10,10,41
107.10.08,FY090,綠征木-綠征木,400,台中市場,15,15,15,15,30
107.10.08,FY093,水燭葉-水燭葉,400,台中市場,16,14,10,14,594
107.10.08,FY094,斑葉蘭-斑葉蘭,400,台中市場,50,50,50,50,77
107.10.08,FY100,山防風-山防風,400,台中市場,50,50,50,50,23
107.10.08,FY991,青竹-青竹,400,台中市場,70,70,70,70,15
107.10.08,FY993,白竹-白竹,400,台中市場,38,20,15,23,674
107.10.08,IA001,進口康乃馨-混合色,400,台中市場,104,100,99,101,216
107.10.08,IA100,進口康乃馨-紅,400,台中市場,120,120,120,120,36
107.10.08,IC000,進口大菊-進口大菊,400,台中市場,141,141,141,141,16
107.10.08,IC350,進口大菊-黃乒乓,400,台中市場,144,144,144,144,16
107.10.08,IC608,進口大菊-白乒乓,400,台中市場,172,172,172,172,16
107.10.08,IH000,進口其它花卉-進口其它花卉,400,台中市場,40,39,38,39,105
107.10.08,IH090,進口針墊花-進口針墊花,400,台中市場,37,32,27,32,316
107.10.08,IH225,進口帝王花-進口帝王花,400,台中市場,108,108,108,108,10
107.10.08,IO519,進口石斛蘭-深紅,400,台中市場,104,86,58,84,190
107.10.08,IO560,進口石斛蘭-白,400,台中市場,113,97,90,99,40
107.10.08,IW560,進口滿天星-白,400,台中市場,119,115,107,114,120
107.10.08,rest,休市,400,台中市,0,0,0,0,0
107.10.08,rest,休市,420,豐原區,0,0,0,0,0
107.10.08,51,百香果-改良種,423,東勢鎮,58.3,58.3,58.3,58.3,20.4
107.10.08,811,火龍果-白肉,423,東勢鎮,33.3,25,22.3,28.89,97.8
107.10.08,91,其他,423,東勢鎮,80,62.2,50.6,61.17,54.6
107.10.08,C1,椪柑,423,東勢鎮,48.1,38.8,29,38.51,678.6
107.10.08,F1,雜柑-檸檬,423,東勢鎮,10,8.9,8.3,9.16,321
107.10.08,O1,梨-橫山梨,423,東勢鎮,16.6,15.4,7.2,14.22,1156.8
107.10.08,O2,梨-秋水梨,423,東勢鎮,55,55,55,55,19.2
107.10.08,O3,梨-世紀梨,423,東勢鎮,50,38.3,30.7,41.58,464.4
107.10.08,O4,梨-新興梨,423,東勢鎮,45.7,38,24.5,37.36,5906.4
107.10.08,Z1,柿子-紅柿,423,東勢鎮,27.1,21.5,15.8,22.46,12826.2
107.10.08,Z4,柿子-甜柿,423,東勢鎮,97.1,52.3,27.7,53.52,46731.6
107.10.08,FB1,花椰菜-青梗,512,永靖鄉,48,43,37,43.3,2957
107.10.08,FC2,胡瓜-改良種,512,永靖鄉,20,15,10,15.6,2030
107.10.08,FF1,絲瓜-絲瓜,512,永靖鄉,24,18,12,18.7,6053
107.10.08,FH1,扁蒲-長形,512,永靖鄉,15,12,8,12.6,1474
107.10.08,FI2,茄子-麻荸茄,512,永靖鄉,55,38,30,38.8,1393
107.10.08,FM2,菜豆-青色,512,永靖鄉,50,50,50,50,316
107.10.08,LC1,包心白菜-包白,512,永靖鄉,21,15,10,15,36550
107.10.08,LF1,蕹菜-大葉,512,永靖鄉,20,14,11,14.6,8218
107.10.08,FB1,花椰菜-青梗,514,溪湖鎮,51,47.1,37.1,45.7,17634
107.10.08,FB100,火鶴花-紅色,514,彰化市場,10,10,10,10,66
107.10.08,FB103,火鶴花-紅青心,514,彰化市場,17,12,5,12,338
107.10.08,FB106,火鶴花-丘比特,514,彰化市場,18,11,5,11,333
107.10.08,FB108,火鶴花-千里達,514,彰化市場,12,8,5,8,198
107.10.08,FB111,火鶴花-月光,514,彰化市場,16,13,8,13,158
107.10.08,FB407,火鶴花-夢幻,514,彰化市場,14,10,6,10,1827
107.10.08,FB415,火鶴花-羅莎,514,彰化市場,11,8,6,8,465
107.10.08,FB419,火鶴花-太極,514,彰化市場,12,11,7,10,471
107.10.08,FB420,火鶴花-小紅莓,514,彰化市場,12,9,7,9,134
107.10.08,FB425,火鶴花-吉祥,514,彰化市場,11,10,10,10,153
107.10.08,FB502,火鶴花-綠紅心,514,彰化市場,14,14,13,14,66
107.10.08,FC316,大菊-黃精競,514,彰化市場,130,96,44,92,245
107.10.08,FC613,大菊-白天星,514,彰化市場,83,68,32,63,2234
107.10.08,FD001,小菊-混合色,514,彰化市場,33,31,28,31,59
107.10.08,FD1,花胡瓜,514,溪湖鎮,57.7,45.8,39.2,46.9,623
107.10.08,FD127,小菊-雙色紅,514,彰化市場,34,30,25,30,190
107.10.08,FD131,小菊-小紅娘,514,彰化市場,65,52,38,52,420
107.10.08,FD138,小菊-卡洛琳,514,彰化市場,80,66,31,62,634
107.10.08,FD200,小菊-金,514,彰化市場,58,52,42,51,475
107.10.08,FD300,小菊-黃,514,彰化市場,52,49,46,49,60
107.10.08,FD308,小菊-黃丁字菊,514,彰化市場,64,52,35,51,632
107.10.08,FD321,小菊-吉祥黃,514,彰化市場,72,72,72,72,26
107.10.08,FD400,小菊-粉,514,彰化市場,54,40,32,42,503
107.10.08,FD401,小菊-秋陽,514,彰化市場,53,41,27,41,295
107.10.08,FD422,小菊-吉祥小粉,514,彰化市場,54,41,24,40,474
107.10.08,FD423,小菊-粉日記,514,彰化市場,62,52,28,50,1160
107.10.08,FD645,小菊-白斯不列,514,彰化市場,140,122,71,115,173
107.10.08,FE000,非洲菊-非洲菊,514,彰化市場,48,48,48,48,60
107.10.08,FE001,非洲菊-混合色,514,彰化市場,82,71,49,69,1633
107.10.08,FE1,冬瓜-白皮,514,溪湖鎮,19.3,12.6,8.2,13,3406
107.10.08,FE201,非洲菊-太陽神,514,彰化市場,60,60,60,60,30
107.10.08,FE202,非洲菊-沙丘,514,彰化市場,53,52,51,52,180
107.10.08,FE300,非洲菊-黃,514,彰化市場,90,90,89,90,70
107.10.08,FE401,非洲菊-伊斯瑪拉,514,彰化市場,79,64,43,63,631
107.10.08,FE409,非洲菊-粉紅魅力,514,彰化市場,67,67,67,67,30
107.10.08,FF1,絲瓜-絲瓜,514,溪湖鎮,27.8,19.8,12.4,19.9,3861
107.10.08,FG1,苦瓜-白大米,514,溪湖鎮,80.5,63.1,41.5,62.3,2273
107.10.08,FG100,劍蘭-紅,514,彰化市場,79,75,71,75,40
107.10.08,FG101,劍蘭-４號,514,彰化市場,52,47,30,44,68
107.10.08,FG105,劍蘭-２３５號,514,彰化市場,44,44,44,44,36
107.10.08,FG116,劍蘭-雙色金紅,514,彰化市場,55,52,49,52,40
107.10.08,FG406,劍蘭-青殼粉,514,彰化市場,48,37,15,35,256
107.10.08,FH006,黃梔花-黃梔花,514,彰化市場,42,28,15,29,1051
107.10.08,FH072,石蒜-金花,514,彰化市場,53,53,53,53,32
107.10.08,FH112,小天堂鳥-桔帶紅,514,彰化市場,36,31,22,30,147
107.10.08,FH139,石玫瑰-石玫瑰,514,彰化市場,20,20,20,20,70
107.10.08,FH140,薑荷花-薑荷花,514,彰化市場,17,15,15,16,115
107.10.08,FH156,野薑花-白,514,彰化市場,60,57,55,57,21
107.10.08,FH158,紅薑花-紅,514,彰化市場,51,47,34,45,54
107.10.08,FH195,玉蘭花-玉蘭花,514,彰化市場,200,69,69,95,5
107.10.08,FH251,秀線-秀線,514,彰化市場,39,25,15,26,270
107.10.08,FH293,向日葵-單瓣,514,彰化市場,89,79,69,79,217
107.10.08,FH3,扁蒲-花蒲,514,溪湖鎮,20.3,15.6,11.3,15.7,1715
107.10.08,FH331,雞冠花-清紅,514,彰化市場,65,44,36,47,381
107.10.08,FH332,雞冠花-暗紅,514,彰化市場,32,31,24,30,99
107.10.08,FH339,雞冠花-粉,514,彰化市場,89,89,89,89,16
107.10.08,FH364,金魚草-粉色,514,彰化市場,34,33,32,33,50
107.10.08,FH381,麒麟草-麒麟草,514,彰化市場,84,67,46,66,616
107.10.08,FH640,睡蓮-睡蓮,514,彰化市場,41,41,41,41,12
107.10.08,FH661,伯利恆之星-伯利恆之星,514,彰化市場,84,84,84,84,25
107.10.08,FH670,茉莉花-茉莉花,514,彰化市場,18,15,12,15,240
107.10.08,FH710,深山櫻-深山櫻,514,彰化市場,100,100,100,100,20
107.10.08,FI2,茄子-麻荸茄,514,溪湖鎮,64.8,37.4,26.7,40.7,1455
107.10.08,FJ1,蕃茄-黑柿,514,溪湖鎮,73.3,59.6,45,59.4,60
107.10.08,FK413,葵百合-阿卡波克紅三朵,514,彰化市場,88,74,62,74,34
107.10.08,FK419,葵百合-阿卡波克紅多朵,514,彰化市場,63,63,63,63,16
107.10.08,FM1,菜豆-白色,514,溪湖鎮,90,84.3,51.8,79,71
107.10.08,FM2,菜豆-青色,514,溪湖鎮,83,66.2,63.3,69,42
107.10.08,FO006,腎藥蘭-腎藥蘭,514,彰化市場,7,6,5,6,840
107.10.08,FO007,千代蘭-千代蘭,514,彰化市場,9,7,6,7,540
107.10.08,FO009,萬代蘭-萬代蘭,514,彰化市場,12,9,7,9,250
107.10.08,FO335,檸檬綠文心蘭-檸檬綠文心蘭,514,彰化市場,46,30,23,32,1170
107.10.08,FO663,蝴蝶蘭-白黃心,514,彰化市場,80,80,80,80,31
107.10.08,FR000,玫瑰-玫瑰,514,彰化市場,137,88,42,89,245
107.10.08,FR108,玫瑰-佳娜紅,514,彰化市場,111,98,70,95,63
107.10.08,FR117,玫瑰-萬年紅,514,彰化市場,132,81,50,85,231
107.10.08,FR120,玫瑰-埔里之星,514,彰化市場,232,105,46,119,24
107.10.08,FR408,玫瑰-黛安娜粉,514,彰化市場,189,170,147,169,32
107.10.08,FR412,玫瑰-新香檳粉,514,彰化市場,119,68,60,77,35
107.10.08,FR431,玫瑰-東方之星,514,彰化市場,224,187,171,191,49
107.10.08,FR436,玫瑰-翡翠粉,514,彰化市場,280,169,125,185,13
107.10.08,FR439,玫瑰-翡翠香檳,514,彰化市場,88,88,88,88,16
107.10.08,FR600,玫瑰-白,514,彰化市場,170,170,170,170,5
107.10.08,FR607,玫瑰-翡翠白,514,彰化市場,192,132,52,128,108
107.10.08,FR705,玫瑰-紫天王,514,彰化市場,205,157,93,154,73
107.10.08,FR910,玫瑰-迷你紅,514,彰化市場,69,69,69,69,12
107.10.08,FS009,香水百合-多朵,514,彰化市場,210,210,210,210,24
107.10.08,FS012,香水百合-紅雙朵,514,彰化市場,169,151,151,155,40
107.10.08,FS013,香水百合-紅三朵,514,彰化市場,202,202,202,202,10
107.10.08,FS019,香水百合-紅多朵,514,彰化市場,214,208,202,208,24
107.10.08,FS039,香水百合-黃多朵,514,彰化市場,146,146,146,146,14
107.10.08,FS042,香水百合-粉雙朵,514,彰化市場,153,153,153,153,30
107.10.08,FS043,香水百合-粉三朵,514,彰化市場,169,169,169,169,24
107.10.08,FS049,香水百合-粉多朵,514,彰化市場,185,185,185,185,10
107.10.08,FS060,香水百合-白,514,彰化市場,132,132,132,132,15
107.10.08,FS062,香水百合-白雙朵,514,彰化市場,138,136,133,136,32
107.10.08,FS063,香水百合-白三朵,514,彰化市場,167,165,162,165,28
107.10.08,FS069,香水百合-白多朵,514,彰化市場,172,171,170,171,72
107.10.08,FS1,越瓜,514,溪湖鎮,16,16,16,16,150
107.10.08,FS350,香水百合-索邦妮,514,彰化市場,74,74,74,74,22
107.10.08,FS351,香水百合-索邦妮單朵,514,彰化市場,90,90,90,90,20
107.10.08,FS352,香水百合-索邦妮雙朵,514,彰化市場,123,78,69,85,57
107.10.08,FS353,香水百合-索邦妮三朵,514,彰化市場,89,89,89,89,68
107.10.08,FS359,香水百合-索邦妮多朵,514,彰化市場,171,171,156,168,89
107.10.08,FS440,香水百合-馬可波羅粉,514,彰化市場,131,131,131,131,14
107.10.08,FS442,香水百合-馬可波羅粉雙朵,514,彰化市場,69,69,69,69,16
107.10.08,FS443,香水百合-馬可波羅粉三朵,514,彰化市場,152,137,116,136,36
107.10.08,FS449,香水百合-馬可波羅粉多朵,514,彰化市場,191,177,164,177,97
107.10.08,FS460,香水百合-白　　,514,彰化市場,40,40,40,40,12
107.10.08,FS462,香水百合-白雙朵,514,彰化市場,32,32,32,32,32
107.10.08,FS463,香水百合-白三朵,514,彰化市場,30,30,30,30,56
107.10.08,FS469,香水百合-白多朵,514,彰化市場,37,37,37,37,12
107.10.08,FS473,水晶香水-三朵,514,彰化市場,161,157,153,157,29
107.10.08,FS479,水晶香水-多朵,514,彰化市場,172,165,150,163,70
107.10.08,FS592,薇薇安娜-雙朵,514,彰化市場,149,149,149,149,19
107.10.08,FS593,薇薇安娜-三朵,514,彰化市場,171,171,171,171,12
107.10.08,FS599,薇薇安娜-多朵,514,彰化市場,181,181,181,181,10
107.10.08,FS603,香水百合-康卡多三朵,514,彰化市場,174,174,174,174,30
107.10.08,FS609,香水百合-康卡多多朵,514,彰化市場,192,191,103,174,76
107.10.08,FS623,香水百合-耶蘿琳三朵,514,彰化市場,78,78,78,78,12
107.10.08,FS629,香水百合-耶蘿琳多朵,514,彰化市場,137,134,133,134,144
107.10.08,FS630,OT曼尼薩-OT曼尼薩,514,彰化市場,242,203,183,207,36
107.10.08,FS631,OT曼尼薩-單朵,514,彰化市場,125,86,63,89,92
107.10.08,FS632,OT曼尼薩-雙朵,514,彰化市場,192,180,151,176,207
107.10.08,FS633,OT曼尼薩-三朵,514,彰化市場,251,207,166,208,252
107.10.08,FS639,OT曼尼薩-多朵,514,彰化市場,258,234,183,228,133
107.10.08,FS682,OT多娜托-雙朵,514,彰化市場,99,99,99,99,16
107.10.08,FS683,OT多娜托-三朵,514,彰化市場,188,167,145,167,24
107.10.08,FS689,OT多娜托-多朵,514,彰化市場,218,193,148,189,90
107.10.08,FS822,百合-巴卡蒂二朵,514,溪湖鎮,173,173,173,173,14
107.10.08,FS823,百合-巴卡蒂三朵,514,溪湖鎮,205,205,205,205,12
107.10.08,FS833,百合-塔拉果三朵,514,溪湖鎮,183,183,182,183,28
107.10.08,FS839,百合-塔拉果多朵,514,溪湖鎮,193,193,193,193,12
107.10.08,FT1,南瓜-木瓜形,514,溪湖鎮,29.7,22.8,16.6,22.9,1050
107.10.08,FU415,洋桔梗-艾瑞娜桃,514,彰化市場,201,201,201,201,10
107.10.08,FU442,洋桔梗-雙瓣粉,514,彰化市場,203,203,202,203,24
107.10.08,FU449,洋桔梗-艾瑞娜彩粉,514,彰化市場,201,193,171,190,32
107.10.08,FU453,洋桔梗-雙瓣綠,514,彰化市場,148,148,148,148,12
107.10.08,FU458,洋桔梗-艾瑞娜綠,514,彰化市場,177,151,125,151,24
107.10.08,FU462,洋桔梗-雙瓣白,514,彰化市場,164,164,164,164,12
107.10.08,FU472,洋桔梗-雙瓣紫,514,彰化市場,165,148,143,150,30
107.10.08,FU572,洋桔梗-雙瓣白紫邊,514,彰化市場,178,178,178,178,22
107.10.08,FW240,粉孔雀-粉孔雀,514,彰化市場,84,73,45,70,291
107.10.08,FW271,紫孔雀-春天,514,彰化市場,29,23,22,24,120
107.10.08,FW472,卡斯比亞-無葉,514,彰化市場,56,55,53,55,118
107.10.08,FW567,滿天星-牽牛星,514,彰化市場,74,73,73,73,75
107.10.08,FW568,滿天星-銀河,514,彰化市場,89,75,68,77,58
107.10.08,FY003,唐棉-唐棉,514,彰化市場,68,68,68,68,20
107.10.08,FY004,黃椰心葉-葉,514,彰化市場,67,44,22,45,470
107.10.08,FY009,電信蘭葉-電信蘭葉,514,彰化市場,47,37,18,35,894
107.10.08,FY013,星點木-星點木,514,彰化市場,50,34,28,36,55
107.10.08,FY017,八角金盤-八角金盤,514,彰化市場,41,37,28,36,255
107.10.08,FY021,扁柏-扁柏,514,彰化市場,21,20,20,20,96
107.10.08,FY027,虎斑木葉-虎斑木葉,514,彰化市場,15,15,15,15,50
107.10.08,FY030,新文竹-新文竹,514,彰化市場,41,41,41,41,30
107.10.08,FY035,龍文蘭-龍文蘭,514,彰化市場,0,0,0,0,0
107.10.08,FY041,水燭花-水燭花,514,彰化市場,31,31,31,31,50
107.10.08,FY050,山蘇葉-山蘇葉,514,彰化市場,25,24,11,22,130
107.10.08,FY057,百合竹-百合竹,514,彰化市場,31,25,18,25,695
107.10.08,FY083,紐西蘭麻-紐西蘭麻,514,彰化市場,50,50,50,50,32
107.10.08,FY084,火龍果-火龍果,514,彰化市場,80,76,71,76,37
107.10.08,FY090,綠征木-綠征木,514,彰化市場,19,19,19,19,30
107.10.08,FY093,水燭葉-水燭葉,514,彰化市場,15,13,10,13,552
107.10.08,FY100,山防風-山防風,514,彰化市場,44,44,44,44,40
107.10.08,FY991,青竹-青竹,514,彰化市場,137,112,42,103,31
107.10.08,FY993,白竹-白竹,514,彰化市場,37,27,14,26,514
107.10.08,IA001,進口康乃馨-混合色,514,彰化市場,89,89,89,89,216
107.10.08,IA100,進口康乃馨-紅,514,彰化市場,79,79,79,79,36
107.10.08,IC000,進口大菊-進口大菊,514,彰化市場,169,169,169,169,16
107.10.08,IC350,進口大菊-黃乒乓,514,彰化市場,159,159,159,159,16
107.10.08,IC608,進口大菊-白乒乓,514,彰化市場,182,182,182,182,16
107.10.08,IH000,進口其它花卉-進口其它花卉,514,彰化市場,25,25,25,25,60
107.10.08,IH090,進口針墊花-進口針墊花,514,彰化市場,38,36,35,36,240
107.10.08,IH225,進口帝王花-進口帝王花,514,彰化市場,90,90,90,90,10
107.10.08,IO519,進口石斛蘭-深紅,514,彰化市場,113,89,69,90,506
107.10.08,IO560,進口石斛蘭-白,514,彰化市場,79,72,63,71,30
107.10.08,IW560,進口滿天星-白,514,彰化市場,104,104,104,104,120
107.10.08,LA1,甘藍-初秋,514,溪湖鎮,47,33.3,25,34.4,7500
107.10.08,LB1,小白菜-土白菜,514,溪湖鎮,16,11.3,7.5,11.5,450
107.10.08,LC1,包心白菜-包白,514,溪湖鎮,21.3,15.8,10,15.7,11768
107.10.08,LD1,青江白菜-小梗,514,溪湖鎮,18,13,8,13,350
107.10.08,LF2,蕹菜-小葉,514,溪湖鎮,50,37.5,25,37.5,250
107.10.08,LI3,萵苣菜-本島圓葉,514,溪湖鎮,65,44.7,28,45.4,160
107.10.08,LJ4,芥菜-小芥菜,514,溪湖鎮,22,17.3,14,17.6,200
107.10.08,LK2,芥藍菜,514,溪湖鎮,30,23,13,22.4,250
107.10.08,LM2,莧菜-白莧菜,514,溪湖鎮,50,35,25,36,150
107.10.08,LN1,油菜,514,溪湖鎮,17,12.3,9,12.6,380
107.10.08,SA32,蘿蔔-矸仔,514,溪湖鎮,19.7,13.4,8.5,13.1,4090
107.10.08,SB2,胡蘿蔔-清洗,514,溪湖鎮,29,24,16,23.4,1900
107.10.08,SD9,洋蔥-進口,514,溪湖鎮,25,22,15,21.2,2900
107.10.08,SE6,青蔥-粉蔥,514,溪湖鎮,70,65.7,60,65.4,350
107.10.08,SF3,韭菜-韭菜花,514,溪湖鎮,111.1,101.5,94.4,102,441
107.10.08,SO0,甘薯-其他,514,溪湖鎮,15,10,6.1,10.2,3750
107.10.08,SX1,芽菜類-綠豆芽,514,溪湖鎮,13,13,13,13,450
107.10.08,rest,休市,540,南投市,0,0,0,0,0
107.10.08,11,椰子,600,嘉義市,20,17,17,17,200
107.10.08,31,釋迦,600,嘉義市,130,100,70,100,100
107.10.08,51,百香果-改良種,600,嘉義市,65,38,26,38,800
107.10.08,72,小番茄-聖女,600,嘉義市,120,90,60,90,1000
107.10.08,812,火龍果-紅肉,600,嘉義市,40,20,12,20,30000
107.10.08,91,其他,600,嘉義市,45,25,17,25,4500
107.10.08,A1,香蕉,600,嘉義市,30,25,17,25,2500
107.10.08,B2,鳳梨-金鑽鳳梨,600,嘉義市,23,13,10,13,8500
107.10.08,C1,椪柑,600,嘉義市,54,43,20,43,6000
107.10.08,E1,甜橙-柳橙,600,嘉義市,30,20,13,20,1000
107.10.08,E9,甜橙-進口,600,嘉義市,50,43,42,43,300
107.10.08,F1,雜柑-檸檬,600,嘉義市,25,17,10,17,2000
107.10.08,G3,酪梨,600,嘉義市,91,80,66,80,1200
107.10.08,G49,奇異果-進口,600,嘉義市,158,113,95,113,1700
107.10.08,H1,文旦柚-文旦柚,600,嘉義市,12,8,7,8,500
107.10.08,H2,柚子-白柚,600,嘉義市,25,17,8,17,4000
107.10.08,H4,葡萄柚-紅肉,600,嘉義市,23,13,8,13,6500
107.10.08,H6,西施柚-西施柚,600,嘉義市,25,15,8,15,2800
107.10.08,I1,木瓜-網室紅肉,600,嘉義市,54,40,27,40,3500
107.10.08,K3,龍眼-粉殼,600,嘉義市,68,55,45,55,250
107.10.08,O4,梨-新興梨,600,嘉義市,62,42,25,42,7000
107.10.08,O9,梨-進口,600,嘉義市,140,125,105,125,1600
107.10.08,P1,番石榴-珍珠芭,600,嘉義市,45,33,25,33,2000
107.10.08,Q1,蓮霧-紅蓮霧,600,嘉義市,118,72,45,72,360
107.10.08,R4,芒果-凱特,600,嘉義市,66,45,33,45,150
107.10.08,S1,葡萄-巨峰,600,嘉義市,100,65,45,65,900
107.10.08,S9,葡萄-進口,600,嘉義市,160,143,120,143,1300
107.10.08,T1,西瓜-大西瓜,600,嘉義市,35,12,8,12,2000
107.10.08,T3,西瓜-黑美人,600,嘉義市,28,23,13,23,9000
107.10.08,T5,西瓜-黃肉,600,嘉義市,30,23,10,23,5000
107.10.08,V1,甜瓜-美濃,600,嘉義市,55,34,20,34,1800
107.10.08,X09,蘋果-其他(進口),600,嘉義市,115,87,66,87,6200
107.10.08,Z1,柿子-紅柿,600,嘉義市,25,15,9,15,4200
107.10.08,Z2,柿子-水柿,600,嘉義市,22,13,10,13,5500
107.10.08,Z4,柿子-甜柿,600,嘉義市,95,60,35,60,6400
107.10.08,FB1,花椰菜-青梗,648,西螺鎮,55,49.8,32.5,47.4,12470
107.10.08,FC1,胡瓜-黑刺,648,西螺鎮,42.1,27.6,15,28,16641
107.10.08,FD1,花胡瓜,648,西螺鎮,47.2,34.6,19.5,34.1,34353
107.10.08,FE1,冬瓜-白皮,648,西螺鎮,25,22,16.5,21.5,15862
107.10.08,FF1,絲瓜-絲瓜,648,西螺鎮,27.8,22,8.4,20.5,44143
107.10.08,FG1,苦瓜-白大米,648,西螺鎮,91.3,69.3,35,67,13175
107.10.08,FH3,扁蒲-花蒲,648,西螺鎮,15.8,12.3,6,12,15847
107.10.08,FH4,扁蒲-梨子蒲,648,西螺鎮,25,20,10,19,5600
107.10.08,FI2,茄子-麻荸茄,648,西螺鎮,69.4,47.1,25,47.1,15288
107.10.08,FJ1,蕃茄-黑柿,648,西螺鎮,120,100,66.7,97.3,1410
107.10.08,FK5,甜椒-青椒,648,西螺鎮,82.6,59.4,25,57.3,9572
107.10.08,FL9,豌豆-進口,648,西螺鎮,162.5,150,132.5,149,1160
107.10.08,FM1,菜豆-白色,648,西螺鎮,70,48.8,24,48.2,4536
107.10.08,FN1,敏豆-白豆,648,西螺鎮,153.5,100,50,100.7,7440
107.10.08,FR9,青花苔-進口,648,西螺鎮,100,87.2,66.7,85.7,13860
107.10.08,FV1,辣椒-紅小,648,西螺鎮,120,90,40,86,2220
107.10.08,FY6,玉米-甜軟殼,648,西螺鎮,26.6,20,8.4,19.1,30848
107.10.08,LA1,甘藍-初秋,648,西螺鎮,50,38.7,23.1,37.9,156462
107.10.08,LB12,小白菜-土白菜,648,西螺鎮,12.4,10,6,9.9,16649
107.10.08,LB2,小白菜-蚵仔白,648,西螺鎮,15,12.3,7.5,11.9,24598
107.10.08,LC1,包心白菜-包白,648,西螺鎮,20.6,17.4,12.5,17.1,47231
107.10.08,LD1,青江白菜-小梗,648,西螺鎮,14.9,12.3,7.5,11.9,29205
107.10.08,LF2,蕹菜-小葉,648,西螺鎮,43.1,33,20,31.9,19209
107.10.08,LG2,芹菜-白梗,648,西螺鎮,82.3,64.4,33.4,62.2,7754
107.10.08,LI3,萵苣菜-本島圓葉,648,西螺鎮,50,39.5,25,38.8,5089
107.10.08,LJ4,芥菜-小芥菜,648,西螺鎮,21.4,17.4,10,16.4,8930
107.10.08,LK2,芥藍菜,648,西螺鎮,21.4,17.4,10,17.3,10615
107.10.08,LM2,莧菜-白莧菜,648,西螺鎮,59.7,45.1,26.7,44.7,7409
107.10.08,LN1,油菜,648,西螺鎮,12.5,10,6,9.7,23522
107.10.08,LS1,茴香,648,西螺鎮,100,83.4,50,80,201
107.10.08,OX1,其他蔬菜,648,西螺鎮,54.7,24.7,14.1,23.9,17720
107.10.08,SA32,蘿蔔-矸仔,648,西螺鎮,16.4,13.3,8.4,13.1,21199
107.10.08,SA9,蘿蔔-進口,648,西螺鎮,20,17.5,12.5,17,36760
107.10.08,SB2,胡蘿蔔-清洗,648,西螺鎮,28.9,25,18,24.4,22220
107.10.08,SC1,馬鈴薯-本產,648,西螺鎮,33.4,29.2,16.7,27.5,17736
107.10.08,SD9,洋蔥-進口,648,西螺鎮,25,22.5,14.2,21.3,30768
107.10.08,SE2,青蔥-北蔥,648,西螺鎮,40,33.4,13.4,30.7,7425
107.10.08,SE6,青蔥-粉蔥,648,西螺鎮,66.2,56.2,30,50.2,11379
107.10.08,SF1,韭菜-白頭,648,西螺鎮,38.9,38.9,38.9,38.9,3825
107.10.08,SG2,大蒜-軟梗,648,西螺鎮,210,148.7,83.4,147.9,2940
107.10.08,SG5,大蒜-蒜頭,648,西螺鎮,88.9,77.8,66.7,77.8,702
107.10.08,SG6,大蒜-蒜仁,648,西螺鎮,83.4,75,66.7,75,4435
107.10.08,SJ2,芋-檳榔心芋,648,西螺鎮,53.4,45,23.4,42.4,13860
107.10.08,SO1,甘薯-改良種,648,西螺鎮,26.7,20,8.4,19,14160
107.10.08,SP1,薑-老薑,648,西螺鎮,91.7,73.4,45,71.4,8820
107.10.08,FA800,康乃馨-多朵(混色),700,台南市場,23,19,15,19,60
107.10.08,FA810,康乃馨-多朵紅,700,台南市場,34,30,26,30,58
107.10.08,FB000,火鶴花-火鶴花,700,台南市場,11,9,8,9,245
107.10.08,FB001,火鶴花-混色,700,台南市場,7,7,7,7,40
107.10.08,FB103,火鶴花-紅青心,700,台南市場,9,7,5,7,98
107.10.08,FB105,火鶴花-紅綠邊,700,台南市場,14,13,12,13,61
107.10.08,FB106,火鶴花-丘比特,700,台南市場,14,9,5,9,1503
107.10.08,FB111,火鶴花-月光,700,台南市場,14,10,6,10,373
107.10.08,FB400,火鶴花-粉色,700,台南市場,9,7,5,7,70
107.10.08,FB407,火鶴花-夢幻,700,台南市場,9,8,6,8,207
107.10.08,FB409,火鶴花-雪碧粉,700,台南市場,9,8,7,8,76
107.10.08,FB411,火鶴花-王妃,700,台南市場,11,10,8,10,90
107.10.08,FB415,火鶴花-羅莎,700,台南市場,11,9,5,9,324
107.10.08,FB416,火鶴花-花仙子,700,台南市場,6,5,5,5,200
107.10.08,FB419,火鶴花-太極,700,台南市場,13,10,7,10,1522
107.10.08,FB420,火鶴花-小紅莓,700,台南市場,11,9,8,9,371
107.10.08,FB502,火鶴花-綠紅心,700,台南市場,12,11,8,10,343
107.10.08,FB504,火鶴花-雷夢娜,700,台南市場,8,8,8,8,30
107.10.08,FB800,火鶴花-咖啡紅,700,台南市場,5,5,5,5,33
107.10.08,FC316,大菊-黃精競,700,台南市場,112,77,27,74,462
107.10.08,FC613,大菊-白天星,700,台南市場,77,59,39,59,613
107.10.08,FD000,小菊-小菊,700,台南市場,39,39,39,39,50
107.10.08,FD001,小菊-混合色,700,台南市場,53,29,21,32,82
107.10.08,FD127,小菊-雙色紅,700,台南市場,20,19,16,19,210
107.10.08,FD131,小菊-小紅娘,700,台南市場,66,35,17,37,1100
107.10.08,FD138,小菊-卡洛琳,700,台南市場,89,77,54,75,163
107.10.08,FD200,小菊-金,700,台南市場,67,42,16,42,716
107.10.08,FD300,小菊-黃,700,台南市場,69,60,37,57,145
107.10.08,FD308,小菊-黃丁字菊,700,台南市場,74,68,28,61,415
107.10.08,FD400,小菊-粉,700,台南市場,41,34,15,32,305
107.10.08,FD422,小菊-吉祥小粉,700,台南市場,48,23,15,26,624
107.10.08,FD423,小菊-粉日記,700,台南市場,50,31,19,33,1607
107.10.08,FD645,小菊-白斯不列,700,台南市場,35,34,32,34,56
107.10.08,FE001,非洲菊-混合色,700,台南市場,68,43,29,45,1162
107.10.08,FE100,非洲菊-紅,700,台南市場,53,48,43,48,40
107.10.08,FE200,非洲菊-橙,700,台南市場,80,73,38,67,80
107.10.08,FE201,非洲菊-太陽神,700,台南市場,51,49,39,47,200
107.10.08,FE202,非洲菊-沙丘,700,台南市場,21,21,21,21,30
107.10.08,FE300,非洲菊-黃,700,台南市場,77,70,59,69,220
107.10.08,FE400,非洲菊-粉,700,台南市場,75,75,75,75,20
107.10.08,FE401,非洲菊-伊斯瑪拉,700,台南市場,73,56,42,57,420
107.10.08,FE409,非洲菊-粉紅魅力,700,台南市場,78,73,61,72,100
107.10.08,FE415,非洲菊-粉美麗,700,台南市場,51,50,34,47,109
107.10.08,FE601,非洲菊-白雪,700,台南市場,80,70,59,70,40
107.10.08,FE701,非洲菊-紫王子,700,台南市場,58,55,53,55,70
107.10.08,FG101,劍蘭-４號,700,台南市場,49,25,18,28,215
107.10.08,FG105,劍蘭-２３５號,700,台南市場,44,38,21,35,595
107.10.08,FG116,劍蘭-雙色金紅,700,台南市場,41,37,26,36,221
107.10.08,FG406,劍蘭-青殼粉,700,台南市場,38,29,15,28,808
107.10.08,FH006,黃梔花-黃梔花,700,台南市場,31,19,15,21,1349
107.10.08,FH101,天堂鳥-天堂鳥,700,台南市場,60,52,48,53,245
107.10.08,FH112,小天堂鳥-桔帶紅,700,台南市場,32,21,20,23,231
107.10.08,FH114,小天堂鳥-粉紅,700,台南市場,0,0,0,0,0
107.10.08,FH137,觀音蓮-觀音蓮,700,台南市場,13,7,5,8,594
107.10.08,FH139,石玫瑰-石玫瑰,700,台南市場,21,21,21,21,140
107.10.08,FH140,薑荷花-薑荷花,700,台南市場,24,21,17,21,60
107.10.08,FH156,野薑花-白,700,台南市場,59,39,23,40,209
107.10.08,FH158,紅薑花-紅,700,台南市場,75,47,16,47,165
107.10.08,FH232,夜來香-重瓣,700,台南市場,43,33,23,33,45
107.10.08,FH251,秀線-秀線,700,台南市場,35,17,15,20,270
107.10.08,FH293,向日葵-單瓣,700,台南市場,91,70,28,66,127
107.10.08,FH330,雞冠花-雞冠花,700,台南市場,55,48,41,48,120
107.10.08,FH331,雞冠花-清紅,700,台南市場,44,17,15,22,108
107.10.08,FH332,雞冠花-暗紅,700,台南市場,65,25,15,31,88
107.10.08,FH334,雞冠花-綠,700,台南市場,75,72,70,72,33
107.10.08,FH381,麒麟草-麒麟草,700,台南市場,64,55,50,56,678
107.10.08,FH460,繡球花-繡球花,700,台南市場,7,7,7,7,50
107.10.08,FH470,仙丹花-仙丹花,700,台南市場,28,28,28,28,25
107.10.08,FH640,睡蓮-睡蓮,700,台南市場,43,43,43,43,24
107.10.08,FH661,伯利恆之星-伯利恆之星,700,台南市場,81,44,16,46,121
107.10.08,FH670,茉莉花-茉莉花,700,台南市場,32,28,26,28,235
107.10.08,FK000,葵百合-葵百合,700,台南市場,95,95,95,95,27
107.10.08,FK419,葵百合-阿卡波克紅多朵,700,台南市場,114,112,102,110,46
107.10.08,FO006,腎藥蘭-腎藥蘭,700,台南市場,50,36,23,36,92
107.10.08,FO007,千代蘭-千代蘭,700,台南市場,65,33,20,37,134
107.10.08,FO009,萬代蘭-萬代蘭,700,台南市場,54,36,20,37,92
107.10.08,FO027,萬代蘭-巨輪紫,700,台南市場,46,45,43,45,22
107.10.08,FO213,虎頭蘭-大輪黃,700,台南市場,63,57,50,57,30
107.10.08,FO335,檸檬綠文心蘭-檸檬綠文心蘭,700,台南市場,40,28,20,29,1378
107.10.08,FO519,石斛蘭-深紅,700,台南市場,120,88,80,93,28
107.10.08,FR000,玫瑰-玫瑰,700,台南市場,115,83,60,85,128
107.10.08,FR001,玫瑰-混合色,700,台南市場,133,133,132,133,16
107.10.08,FR111,玫瑰-新櫻紅,700,台南市場,154,126,89,124,61
107.10.08,FR117,玫瑰-萬年紅,700,台南市場,173,107,69,112,227
107.10.08,FR120,玫瑰-埔里之星,700,台南市場,0,0,0,0,0
107.10.08,FR122,玫瑰-卡門,700,台南市場,148,107,43,103,92
107.10.08,FR408,玫瑰-黛安娜粉,700,台南市場,140,115,68,110,70
107.10.08,FR429,玫瑰-鐵達尼,700,台南市場,248,217,202,220,38
107.10.08,FR434,玫瑰-卡蜜拉,700,台南市場,0,0,0,0,0
107.10.08,FR436,玫瑰-翡翠粉,700,台南市場,0,0,0,0,0
107.10.08,FR439,玫瑰-翡翠香檳,700,台南市場,0,0,0,0,0
107.10.08,FR600,玫瑰-白,700,台南市場,240,211,70,189,31
107.10.08,FR607,玫瑰-翡翠白,700,台南市場,240,107,55,124,59
107.10.08,FR705,玫瑰-紫天王,700,台南市場,0,0,0,0,0
107.10.08,FR910,玫瑰-迷你紅,700,台南市場,121,121,121,121,12
107.10.08,FS000,香水百合-香水百合,700,台南市場,126,118,115,119,32
107.10.08,FS003,香水百合-三朵,700,台南市場,200,200,200,200,13
107.10.08,FS009,香水百合-多朵,700,台南市場,192,192,184,190,48
107.10.08,FS010,香水百合-紅,700,台南市場,131,131,131,131,18
107.10.08,FS012,香水百合-紅雙朵,700,台南市場,142,108,86,111,39
107.10.08,FS013,香水百合-紅三朵,700,台南市場,184,160,93,152,71
107.10.08,FS019,香水百合-紅多朵,700,台南市場,232,199,164,199,49
107.10.08,FS030,香水百合-黃,700,台南市場,107,107,107,107,14
107.10.08,FS033,香水百合-黃三朵,700,台南市場,171,171,171,171,8
107.10.08,FS039,香水百合-黃多朵,700,台南市場,173,164,153,164,78
107.10.08,FS040,香水百合-粉,700,台南市場,142,142,142,142,15
107.10.08,FS042,香水百合-粉雙朵,700,台南市場,129,125,120,125,30
107.10.08,FS043,香水百合-粉三朵,700,台南市場,165,165,165,165,24
107.10.08,FS049,香水百合-粉多朵,700,台南市場,180,180,180,180,10
107.10.08,FS063,香水百合-白三朵,700,台南市場,136,136,136,136,14
107.10.08,FS069,香水百合-白多朵,700,台南市場,144,139,130,138,60
107.10.08,FS359,香水百合-索邦妮多朵,700,台南市場,81,81,81,81,14
107.10.08,FS440,香水百合-馬可波羅粉,700,台南市場,140,121,111,123,34
107.10.08,FS442,香水百合-馬可波羅粉雙朵,700,台南市場,105,83,66,84,108
107.10.08,FS443,香水百合-馬可波羅粉三朵,700,台南市場,169,169,97,155,117
107.10.08,FS449,香水百合-馬可波羅粉多朵,700,台南市場,167,125,113,131,81
107.10.08,FS469,香水百合-白多朵,700,台南市場,170,170,170,170,33
107.10.08,FS473,水晶香水-三朵,700,台南市場,198,158,152,165,59
107.10.08,FS479,水晶香水-多朵,700,台南市場,212,182,142,180,106
107.10.08,FS590,薇薇安娜-薇薇安娜,700,台南市場,139,118,106,120,38
107.10.08,FS592,薇薇安娜-雙朵,700,台南市場,136,129,122,129,68
107.10.08,FS593,薇薇安娜-三朵,700,台南市場,183,138,70,133,172
107.10.08,FS599,薇薇安娜-多朵,700,台南市場,212,187,159,187,72
107.10.08,FS603,香水百合-康卡多三朵,700,台南市場,180,180,180,180,12
107.10.08,FS609,香水百合-康卡多多朵,700,台南市場,199,194,163,189,88
107.10.08,FS620,香水百合-耶蘿琳,700,台南市場,79,79,79,79,21
107.10.08,FS621,香水百合-耶蘿琳單朵,700,台南市場,94,84,73,84,46
107.10.08,FS622,香水百合-耶蘿琳雙朵,700,台南市場,76,68,59,68,84
107.10.08,FS623,香水百合-耶蘿琳三朵,700,台南市場,98,83,78,85,151
107.10.08,FS629,香水百合-耶蘿琳多朵,700,台南市場,140,126,95,123,373
107.10.08,FS630,OT曼尼薩-OT曼尼薩,700,台南市場,201,195,184,194,35
107.10.08,FS631,OT曼尼薩-單朵,700,台南市場,105,105,105,105,20
107.10.08,FS632,OT曼尼薩-雙朵,700,台南市場,182,167,136,164,234
107.10.08,FS633,OT曼尼薩-三朵,700,台南市場,222,195,153,192,366
107.10.08,FS639,OT曼尼薩-多朵,700,台南市場,259,220,180,219,242
107.10.08,FS672,OT羅賓娜-雙朵,700,台南市場,112,112,112,112,20
107.10.08,FS673,OT羅賓娜-三朵,700,台南市場,125,125,125,125,54
107.10.08,FS679,OT羅賓娜-多朵,700,台南市場,126,126,126,126,15
107.10.08,FS680,OT多娜托-OT多娜托,700,台南市場,201,158,136,162,20
107.10.08,FS682,OT多娜托-雙朵,700,台南市場,109,108,106,108,32
107.10.08,FS683,OT多娜托-三朵,700,台南市場,202,170,133,169,102
107.10.08,FS689,OT多娜托-多朵,700,台南市場,226,204,133,194,441
107.10.08,FS750,香水百合-賽拉諾,700,台南市場,121,121,121,121,13
107.10.08,FS753,香水百合-賽拉諾三朵,700,台南市場,81,81,81,81,15
107.10.08,FS759,香水百合-賽拉諾多朵,700,台南市場,182,139,89,137,108
107.10.08,FT061,鐵砲百合-白單朵,700,台南市場,47,47,40,45,218
107.10.08,FT062,鐵砲百合-白雙朵,700,台南市場,76,50,45,54,90
107.10.08,FT063,鐵砲百合-白三朵,700,台南市場,59,59,59,59,28
107.10.08,FU402,洋桔梗-雙瓣(混色),700,台南市場,172,160,142,159,21
107.10.08,FU442,洋桔梗-雙瓣粉,700,台南市場,195,133,71,133,83
107.10.08,FU449,洋桔梗-艾瑞娜彩粉,700,台南市場,155,103,54,103,68
107.10.08,FU453,洋桔梗-雙瓣綠,700,台南市場,183,183,183,183,12
107.10.08,FU458,洋桔梗-艾瑞娜綠,700,台南市場,175,137,128,143,76
107.10.08,FU472,洋桔梗-雙瓣紫,700,台南市場,182,122,61,122,118
107.10.08,FU477,洋桔梗-羅西娜薰衣草紫,700,台南市場,127,123,109,121,36
107.10.08,FU478,洋桔梗-羅西娜紫,700,台南市場,156,114,80,116,82
107.10.08,FU572,洋桔梗-雙瓣白紫邊,700,台南市場,149,97,82,104,36
107.10.08,FW240,粉孔雀-粉孔雀,700,台南市場,59,51,24,47,162
107.10.08,FW271,紫孔雀-春天,700,台南市場,21,21,21,21,90
107.10.08,FW471,卡斯比亞-帶葉,700,台南市場,85,85,85,85,24
107.10.08,FW472,卡斯比亞-無葉,700,台南市場,71,61,52,61,51
107.10.08,FW567,滿天星-牽牛星,700,台南市場,65,58,50,58,50
107.10.08,FW568,滿天星-銀河,700,台南市場,91,64,53,67,108
107.10.08,FY000,切葉類-切葉類,700,台南市場,34,34,34,34,50
107.10.08,FY003,唐棉-唐棉,700,台南市場,48,48,48,48,20
107.10.08,FY004,黃椰心葉-葉,700,台南市場,70,38,20,41,628
107.10.08,FY009,電信蘭葉-電信蘭葉,700,台南市場,62,39,16,39,869
107.10.08,FY013,星點木-星點木,700,台南市場,41,35,13,31,68
107.10.08,FY015,葉蘭-葉蘭,700,台南市場,21,21,21,21,35
107.10.08,FY017,八角金盤-八角金盤,700,台南市場,42,37,32,37,100
107.10.08,FY021,扁柏-扁柏,700,台南市場,25,25,25,25,68
107.10.08,FY035,龍文蘭-龍文蘭,700,台南市場,11,11,11,11,50
107.10.08,FY050,山蘇葉-山蘇葉,700,台南市場,21,18,16,18,300
107.10.08,FY057,百合竹-百合竹,700,台南市場,31,22,15,22,1071
107.10.08,FY071,雪松-雪松,700,台南市場,0,0,0,0,0
107.10.08,FY083,紐西蘭麻-紐西蘭麻,700,台南市場,48,48,48,48,21
107.10.08,FY084,火龍果-火龍果,700,台南市場,100,97,95,97,45
107.10.08,FY086,綠春蘭葉-綠春蘭葉,700,台南市場,11,11,11,11,30
107.10.08,FY090,綠征木-綠征木,700,台南市場,24,24,24,24,60
107.10.08,FY093,水燭葉-水燭葉,700,台南市場,38,17,10,20,653
107.10.08,FY100,山防風-山防風,700,台南市場,72,72,72,72,20
107.10.08,FY993,白竹-白竹,700,台南市場,42,27,15,28,756
107.10.08,IA001,進口康乃馨-混合色,700,台南市場,109,106,97,105,288
107.10.08,IA100,進口康乃馨-紅,700,台南市場,92,92,92,92,36
107.10.08,IC000,進口大菊-進口大菊,700,台南市場,161,161,161,161,24
107.10.08,IC350,進口大菊-黃乒乓,700,台南市場,152,151,149,151,24
107.10.08,IC608,進口大菊-白乒乓,700,台南市場,180,180,180,180,24
107.10.08,IH000,進口其它花卉-進口其它花卉,700,台南市場,37,37,37,37,60
107.10.08,IH090,進口針墊花-進口針墊花,700,台南市場,36,32,30,33,296
107.10.08,IH225,進口帝王花-進口帝王花,700,台南市場,105,105,105,105,10
107.10.08,IO519,進口石斛蘭-深紅,700,台南市場,106,97,74,94,1234
107.10.08,IO560,進口石斛蘭-白,700,台南市場,70,63,45,61,30
107.10.08,IW560,進口滿天星-白,700,台南市場,110,110,110,110,120
107.10.08,11,椰子,800,高雄市,15,13.7,13,13.8,1000
107.10.08,50,百香果-其他,800,高雄市,75,75,75,75,60
107.10.08,811,火龍果-白肉,800,高雄市,60,57.3,50,56.4,66
107.10.08,812,火龍果-紅肉,800,高雄市,31.6,24.2,20,24.8,1623
107.10.08,919,其他-進口,800,高雄市,50,50,50,50,1680
107.10.08,A1,香蕉,800,高雄市,35,29.7,25,29.8,6012
107.10.08,A2,香蕉-芭蕉,800,高雄市,40,34.9,25,34,758
107.10.08,B2,鳳梨-金鑽鳳梨,800,高雄市,28.6,24.2,19,24.1,3149
107.10.08,C1,椪柑,800,高雄市,53.4,44.8,31.6,43.9,4547
107.10.08,C9,椪柑-進口,800,高雄市,66.7,66.7,66.7,66.7,900
107.10.08,E1,甜橙-柳橙,800,高雄市,22.5,22.5,22.5,22.5,14
107.10.08,E9,甜橙-進口,800,高雄市,61.7,48.1,41.7,49.5,2804
107.10.08,F1,雜柑-檸檬,800,高雄市,30,26.7,25,27,500
107.10.08,F4,雜柑-桔子,800,高雄市,50,47.5,45,47.5,100
107.10.08,FB000,火鶴花-火鶴花,800,高雄市場,10,9,7,9,401
107.10.08,FB001,火鶴花-混色,800,高雄市場,5,5,5,5,30
107.10.08,FB100,火鶴花-紅色,800,高雄市場,9,8,6,8,132
107.10.08,FB103,火鶴花-紅青心,800,高雄市場,18,13,6,13,276
107.10.08,FB106,火鶴花-丘比特,800,高雄市場,18,10,6,11,452
107.10.08,FB111,火鶴花-月光,800,高雄市場,12,9,5,9,1052
107.10.08,FB400,火鶴花-粉色,800,高雄市場,13,7,5,8,251
107.10.08,FB407,火鶴花-夢幻,800,高雄市場,13,8,5,9,985
107.10.08,FB415,火鶴花-羅莎,800,高雄市場,14,8,5,9,422
107.10.08,FB419,火鶴花-太極,800,高雄市場,13,9,7,10,1491
107.10.08,FB420,火鶴花-小紅莓,800,高雄市場,12,9,5,9,170
107.10.08,FB502,火鶴花-綠紅心,800,高雄市場,13,12,10,12,143
107.10.08,FC316,大菊-黃精競,800,高雄市場,122,99,59,96,396
107.10.08,FC613,大菊-白天星,800,高雄市場,73,61,27,57,383
107.10.08,FD000,小菊-小菊,800,高雄市場,27,27,27,27,75
107.10.08,FD127,小菊-雙色紅,800,高雄市場,20,20,20,20,180
107.10.08,FD131,小菊-小紅娘,800,高雄市場,47,26,20,29,1104
107.10.08,FD138,小菊-卡洛琳,800,高雄市場,87,77,34,71,108
107.10.08,FD200,小菊-金,800,高雄市場,68,47,31,48,287
107.10.08,FD300,小菊-黃,800,高雄市場,65,62,39,58,280
107.10.08,FD308,小菊-黃丁字菊,800,高雄市場,75,50,30,52,390
107.10.08,FD400,小菊-粉,800,高雄市場,26,19,15,20,529
107.10.08,FD401,小菊-秋陽,800,高雄市場,42,42,42,42,60
107.10.08,FD422,小菊-吉祥小粉,800,高雄市場,51,35,21,36,520
107.10.08,FD423,小菊-粉日記,800,高雄市場,44,28,15,29,1222
107.10.08,FD645,小菊-白斯不列,800,高雄市場,42,37,30,37,52
107.10.08,FE001,非洲菊-混合色,800,高雄市場,75,60,41,59,983
107.10.08,FE200,非洲菊-橙,800,高雄市場,82,71,66,72,90
107.10.08,FE300,非洲菊-黃,800,高雄市場,62,51,22,48,112
107.10.08,FE400,非洲菊-粉,800,高雄市場,70,58,37,57,240
107.10.08,FE401,非洲菊-伊斯瑪拉,800,高雄市場,72,61,41,60,223
107.10.08,FE409,非洲菊-粉紅魅力,800,高雄市場,72,61,47,61,90
107.10.08,FE415,非洲菊-粉美麗,800,高雄市場,89,89,89,89,25
107.10.08,FE601,非洲菊-白雪,800,高雄市場,29,29,29,29,26
107.10.08,FE701,非洲菊-紫王子,800,高雄市場,67,67,67,67,60
107.10.08,FG001,劍蘭-混合色,800,高雄市場,15,15,15,15,20
107.10.08,FG100,劍蘭-紅,800,高雄市場,56,56,56,56,20
107.10.08,FG101,劍蘭-４號,800,高雄市場,26,22,16,22,122
107.10.08,FG105,劍蘭-２３５號,800,高雄市場,90,39,18,45,332
107.10.08,FG116,劍蘭-雙色金紅,800,高雄市場,36,36,36,36,20
107.10.08,FG406,劍蘭-青殼粉,800,高雄市場,52,32,15,33,552
107.10.08,FH000,其它花卉-其它花卉,800,高雄市場,25,25,25,25,22
107.10.08,FH006,黃梔花-黃梔花,800,高雄市場,27,21,18,22,488
107.10.08,FH101,天堂鳥-天堂鳥,800,高雄市場,55,47,34,46,84
107.10.08,FH112,小天堂鳥-桔帶紅,800,高雄市場,24,24,24,24,20
107.10.08,FH137,觀音蓮-觀音蓮,800,高雄市場,6,6,5,6,200
107.10.08,FH139,石玫瑰-石玫瑰,800,高雄市場,28,28,28,28,70
107.10.08,FH140,薑荷花-薑荷花,800,高雄市場,15,15,15,15,60
107.10.08,FH156,野薑花-白,800,高雄市場,68,55,35,54,166
107.10.08,FH158,紅薑花-紅,800,高雄市場,114,100,88,101,52
107.10.08,FH251,秀線-秀線,800,高雄市場,21,18,15,18,220
107.10.08,FH293,向日葵-單瓣,800,高雄市場,99,82,48,79,116
107.10.08,FH330,雞冠花-雞冠花,800,高雄市場,28,28,28,28,30
107.10.08,FH331,雞冠花-清紅,800,高雄市場,52,43,32,43,90
107.10.08,FH332,雞冠花-暗紅,800,高雄市場,77,41,25,46,84
107.10.08,FH381,麒麟草-麒麟草,800,高雄市場,57,49,31,48,818
107.10.08,FH470,仙丹花-仙丹花,800,高雄市場,27,27,27,27,50
107.10.08,FH640,睡蓮-睡蓮,800,高雄市場,50,49,47,49,45
107.10.08,FH661,伯利恆之星-伯利恆之星,800,高雄市場,59,50,32,49,105
107.10.08,FH670,茉莉花-茉莉花,800,高雄市場,30,30,30,30,150
107.10.08,FK412,葵百合-阿卡波克紅雙朵,800,高雄市場,73,73,73,73,18
107.10.08,FK419,葵百合-阿卡波克紅多朵,800,高雄市場,144,127,119,129,46
107.10.08,FO000,蘭花-蘭花,800,高雄市場,48,42,37,43,62
107.10.08,FO006,腎藥蘭-腎藥蘭,800,高雄市場,8,7,7,8,1230
107.10.08,FO007,千代蘭-千代蘭,800,高雄市場,12,9,7,10,490
107.10.08,FO009,萬代蘭-萬代蘭,800,高雄市場,14,12,7,12,480
107.10.08,FO331,大文心蘭-大文心蘭,800,高雄市場,29,29,29,29,14
107.10.08,FO335,檸檬綠文心蘭-檸檬綠文心蘭,800,高雄市場,41,33,21,32,734
107.10.08,FR000,玫瑰-玫瑰,800,高雄市場,189,86,46,99,193
107.10.08,FR117,玫瑰-萬年紅,800,高雄市場,133,65,37,73,370
107.10.08,FR120,玫瑰-埔里之星,800,高雄市場,78,51,30,53,15
107.10.08,FR122,玫瑰-卡門,800,高雄市場,116,78,47,80,81
107.10.08,FR408,玫瑰-黛安娜粉,800,高雄市場,150,108,66,109,53
107.10.08,FR427,玫瑰-胭脂,800,高雄市場,121,88,44,86,26
107.10.08,FR429,玫瑰-鐵達尼,800,高雄市場,270,256,240,256,16
107.10.08,FR431,玫瑰-東方之星,800,高雄市場,264,239,196,236,64
107.10.08,FR434,玫瑰-卡蜜拉,800,高雄市場,150,133,132,137,36
107.10.08,FR436,玫瑰-翡翠粉,800,高雄市場,210,210,210,210,12
107.10.08,FR607,玫瑰-翡翠白,800,高雄市場,234,168,80,164,88
107.10.08,FR700,玫瑰-紫,800,高雄市場,200,200,200,200,3
107.10.08,FR705,玫瑰-紫天王,800,高雄市場,218,180,108,175,86
107.10.08,FR910,玫瑰-迷你紅,800,高雄市場,123,123,123,123,11
107.10.08,FS003,香水百合-三朵,800,高雄市場,185,185,185,185,14
107.10.08,FS009,香水百合-多朵,800,高雄市場,450,184,184,238,30
107.10.08,FS010,香水百合-紅,800,高雄市場,259,259,259,259,7
107.10.08,FS012,香水百合-紅雙朵,800,高雄市場,161,123,93,125,163
107.10.08,FS013,香水百合-紅三朵,800,高雄市場,189,165,128,163,110
107.10.08,FS019,香水百合-紅多朵,800,高雄市場,275,185,147,196,133
107.10.08,FS033,香水百合-黃三朵,800,高雄市場,173,167,146,165,48
107.10.08,FS039,香水百合-黃多朵,800,高雄市場,187,141,130,149,63
107.10.08,FS041,香水百合-粉單朵,800,高雄市場,66,65,63,65,31
107.10.08,FS042,香水百合-粉雙朵,800,高雄市場,129,129,129,129,15
107.10.08,FS043,香水百合-粉三朵,800,高雄市場,149,149,149,149,12
107.10.08,FS060,香水百合-白,800,高雄市場,105,105,105,105,17
107.10.08,FS063,香水百合-白三朵,800,高雄市場,150,118,87,119,42
107.10.08,FS069,香水百合-白多朵,800,高雄市場,143,133,92,127,216
107.10.08,FS359,香水百合-索邦妮多朵,800,高雄市場,84,81,67,79,56
107.10.08,FS449,香水百合-馬可波羅粉多朵,800,高雄市場,161,155,143,154,142
107.10.08,FS463,香水百合-白三朵,800,高雄市場,39,39,39,39,14
107.10.08,FS469,香水百合-白多朵,800,高雄市場,52,52,52,52,24
107.10.08,FS470,水晶香水-水晶香水,800,高雄市場,165,165,165,165,13
107.10.08,FS473,水晶香水-三朵,800,高雄市場,140,132,130,134,76
107.10.08,FS479,水晶香水-多朵,800,高雄市場,164,138,132,143,106
107.10.08,FS539,香水百合-賈絲廷娜多朵,800,高雄市場,31,31,31,31,14
107.10.08,FS590,薇薇安娜-薇薇安娜,800,高雄市場,120,97,87,100,28
107.10.08,FS592,薇薇安娜-雙朵,800,高雄市場,117,110,104,110,32
107.10.08,FS593,薇薇安娜-三朵,800,高雄市場,163,130,94,130,134
107.10.08,FS599,薇薇安娜-多朵,800,高雄市場,175,162,145,162,90
107.10.08,FS602,香水百合-康卡多雙朵,800,高雄市場,133,133,133,133,12
107.10.08,FS603,香水百合-康卡多三朵,800,高雄市場,135,112,89,112,36
107.10.08,FS609,香水百合-康卡多多朵,800,高雄市場,159,155,138,153,72
107.10.08,FS621,香水百合-耶蘿琳單朵,800,高雄市場,101,100,99,100,39
107.10.08,FS622,香水百合-耶蘿琳雙朵,800,高雄市場,72,63,54,63,60
107.10.08,FS623,香水百合-耶蘿琳三朵,800,高雄市場,96,81,71,82,117
107.10.08,FS629,香水百合-耶蘿琳多朵,800,高雄市場,144,122,94,121,358
107.10.08,FS630,OT曼尼薩-OT曼尼薩,800,高雄市場,235,196,138,190,17
107.10.08,FS632,OT曼尼薩-雙朵,800,高雄市場,168,137,91,134,173
107.10.08,FS633,OT曼尼薩-三朵,800,高雄市場,214,171,113,169,270
107.10.08,FS639,OT曼尼薩-多朵,800,高雄市場,240,181,125,182,212
107.10.08,FS671,OT羅賓娜-單朵,800,高雄市場,55,55,55,55,15
107.10.08,FS672,OT羅賓娜-雙朵,800,高雄市場,89,89,89,89,40
107.10.08,FS673,OT羅賓娜-三朵,800,高雄市場,101,101,101,101,36
107.10.08,FS679,OT羅賓娜-多朵,800,高雄市場,112,112,112,112,15
107.10.08,FS680,OT多娜托-OT多娜托,800,高雄市場,133,133,133,133,12
107.10.08,FS682,OT多娜托-雙朵,800,高雄市場,61,61,61,61,15
107.10.08,FS683,OT多娜托-三朵,800,高雄市場,190,120,72,125,64
107.10.08,FS689,OT多娜托-多朵,800,高雄市場,201,162,101,158,202
107.10.08,FS820,百合-巴卡蒂,800,高雄市,133,133,133,133,13
107.10.08,FS823,百合-巴卡蒂三朵,800,高雄市,184,184,184,184,12
107.10.08,FS829,百合-巴卡蒂多朵,800,高雄市,220,195,183,198,86
107.10.08,FS830,百合-塔拉果,800,高雄市,93,75,36,72,26
107.10.08,FS833,百合-塔拉果三朵,800,高雄市,147,92,46,94,55
107.10.08,FS839,百合-塔拉果多朵,800,高雄市,153,152,112,144,60
107.10.08,FT061,鐵砲百合-白單朵,800,高雄市場,40,40,40,40,150
107.10.08,FT062,鐵砲百合-白雙朵,800,高雄市場,69,69,69,69,26
107.10.08,FT661,鐵砲百合-雷山一號單朵,800,高雄市場,40,38,36,38,60
107.10.08,FU402,洋桔梗-雙瓣(混色),800,高雄市場,142,111,85,113,21
107.10.08,FU415,洋桔梗-艾瑞娜桃,800,高雄市場,166,166,166,166,11
107.10.08,FU442,洋桔梗-雙瓣粉,800,高雄市場,196,152,107,152,76
107.10.08,FU449,洋桔梗-艾瑞娜彩粉,800,高雄市場,150,146,142,146,25
107.10.08,FU458,洋桔梗-艾瑞娜綠,800,高雄市場,179,165,141,164,39
107.10.08,FU462,洋桔梗-雙瓣白,800,高雄市場,165,164,163,164,23
107.10.08,FU472,洋桔梗-雙瓣紫,800,高雄市場,160,123,91,124,100
107.10.08,FW240,粉孔雀-粉孔雀,800,高雄市場,62,52,21,48,151
107.10.08,FW271,紫孔雀-春天,800,高雄市場,15,15,15,15,60
107.10.08,FW471,卡斯比亞-帶葉,800,高雄市場,83,83,83,83,50
107.10.08,FW472,卡斯比亞-無葉,800,高雄市場,43,43,43,43,72
107.10.08,FW567,滿天星-牽牛星,800,高雄市場,84,66,51,67,97
107.10.08,FW568,滿天星-銀河,800,高雄市場,61,61,61,61,20
107.10.08,FY001,尤加利葉-尤加利葉,800,高雄市場,65,65,65,65,90
107.10.08,FY003,唐棉-唐棉,800,高雄市場,49,34,27,37,52
107.10.08,FY004,黃椰心葉-葉,800,高雄市場,70,56,37,55,303
107.10.08,FY009,電信蘭葉-電信蘭葉,800,高雄市場,52,39,18,38,517
107.10.08,FY016,五彩千年木-五彩千年木,800,高雄市場,27,27,27,27,34
107.10.08,FY017,八角金盤-八角金盤,800,高雄市場,35,35,34,35,107
107.10.08,FY021,扁柏-扁柏,800,高雄市場,21,21,21,21,40
107.10.08,FY028,高梁-高梁,800,高雄市場,45,42,38,42,42
107.10.08,FY041,水燭花-水燭花,800,高雄市場,31,31,31,31,50
107.10.08,FY050,山蘇葉-山蘇葉,800,高雄市場,11,11,11,11,30
107.10.08,FY057,百合竹-百合竹,800,高雄市場,21,16,15,17,566
107.10.08,FY061,洛神葵-洛神葵,800,高雄市場,31,31,31,31,60
107.10.08,FY084,火龍果-火龍果,800,高雄市場,114,114,114,114,40
107.10.08,FY086,綠春蘭葉-綠春蘭葉,800,高雄市場,12,12,12,12,30
107.10.08,FY093,水燭葉-水燭葉,800,高雄市場,12,11,10,11,721
107.10.08,FY100,山防風-山防風,800,高雄市場,74,74,74,74,20
107.10.08,FY980,玉羊齒-玉羊齒,800,高雄市場,30,30,30,30,30
107.10.08,FY981,高山羊齒-高山羊齒,800,高雄市場,35,35,35,35,40
107.10.08,FY993,白竹-白竹,800,高雄市場,30,26,20,26,478
107.10.08,G3,酪梨,800,高雄市,90,90,74.7,86.9,236
107.10.08,G49,奇異果-進口,800,高雄市,166.5,135.9,104.8,135.8,819
107.10.08,H49,葡萄柚-進口紅肉,800,高雄市,36.1,30.7,27.5,31.1,2540
107.10.08,H5,葡萄柚-白肉,800,高雄市,15.7,15.7,15.7,15.7,23
107.10.08,I1,木瓜-網室紅肉,800,高雄市,60,40.5,25,41.3,3970
107.10.08,I4,木瓜-青木瓜,800,高雄市,20,20,20,20,980
107.10.08,IA001,進口康乃馨-混合色,800,高雄市場,92,92,92,92,288
107.10.08,IA100,進口康乃馨-紅,800,高雄市場,91,91,91,91,36
107.10.08,IC000,進口大菊-進口大菊,800,高雄市場,143,143,143,143,24
107.10.08,IC350,進口大菊-黃乒乓,800,高雄市場,133,133,133,133,24
107.10.08,IC608,進口大菊-白乒乓,800,高雄市場,152,152,152,152,16
107.10.08,IH000,進口其它花卉-進口其它花卉,800,高雄市場,31,31,31,31,60
107.10.08,IH090,進口針墊花-進口針墊花,800,高雄市場,40,38,29,37,239
107.10.08,IH225,進口帝王花-進口帝王花,800,高雄市場,105,105,105,105,10
107.10.08,IO519,進口石斛蘭-深紅,800,高雄市場,96,74,54,75,980
107.10.08,IO560,進口石斛蘭-白,800,高雄市場,80,78,72,78,30
107.10.08,IW560,進口滿天星-白,800,高雄市場,121,121,121,121,120
107.10.08,K2,龍眼-十月眼,800,高雄市,50,44.2,40,44.5,264
107.10.08,N9,李-進口,800,高雄市,161.3,100.4,100,112.5,240
107.10.08,O0,梨-其他,800,高雄市,70,65,60,65,2000
107.10.08,O4,梨-新興梨,800,高雄市,80,73,70,73.8,2810
107.10.08,O9,梨-進口,800,高雄市,304.1,184.2,128.3,197,210
107.10.08,R4,芒果-凱特,800,高雄市,50,47.6,45,47.6,490
107.10.08,rest,休市,800,高雄市,0,0,0,0,0
107.10.08,S1,葡萄-巨峰,800,高雄市,100,73.1,70,77.9,404
107.10.08,S9,葡萄-進口,800,高雄市,385.4,128.1,112.4,176.4,1454
107.10.08,T1,西瓜-大西瓜,800,高雄市,20,16.3,15,16.8,1080
107.10.08,T3,西瓜-黑美人,800,高雄市,25,20.4,20,21.3,1000
107.10.08,T5,西瓜-黃肉,800,高雄市,30,20.7,15.8,21.6,10117
107.10.08,V1,甜瓜-美濃,800,高雄市,75.6,57.3,50,59.5,1875
107.10.08,W1,洋香瓜-網狀紅肉,800,高雄市,50.1,34.8,30,36.9,421
107.10.08,X09,蘋果-其他(進口),800,高雄市,90,90,90,90,72
107.10.08,X69,蘋果-富士(進口),800,高雄市,85.8,51.3,41.6,56.2,23836
107.10.08,Y39,甜桃-甜桃進口,800,高雄市,80,80,80,80,100
107.10.08,Y9,桃子-進口,800,高雄市,240,232.5,207.9,229.1,165
107.10.08,Z2,柿子-水柿,800,高雄市,20,20,20,20,275
107.10.08,Z3,柿子-柿餅,800,高雄市,80,80,80,80,15
107.10.08,Z4,柿子-甜柿,800,高雄市,110,110,110,110,500
107.10.08,rest,休市,830,鳳山區,0,0,0,0,0
107.10.08,rest,休市,900,屏東市,0,0,0,0,0
107.10.08,rest,休市,930,台東市,0,0,0,0,0
107.10.08,FA1,黃秋葵,950,花蓮市,70.1,48.5,21.5,47.4,230
107.10.08,FC2,胡瓜-改良種,950,花蓮市,37.8,32.9,21.2,31.6,785
107.10.08,FD1,花胡瓜,950,花蓮市,44.7,34.6,21.6,34,2684.5
107.10.08,FE1,冬瓜-白皮,950,花蓮市,15.9,12.7,7.8,12.4,2669
107.10.08,FF1,絲瓜-絲瓜,950,花蓮市,14,10.4,5.4,10.1,7344.5
107.10.08,FG1,苦瓜-白大米,950,花蓮市,85.3,79,48.7,74.2,630.5
107.10.08,FG4,苦瓜-翠綠,950,花蓮市,73.1,69.2,57,67.6,215
107.10.08,FH3,扁蒲-花蒲,950,花蓮市,19.7,16.3,10.5,15.8,1587.5
107.10.08,FI2,茄子-麻荸茄,950,花蓮市,43.3,34.6,23.8,34.2,1800.5
107.10.08,FJ3,蕃茄-牛蕃茄,950,花蓮市,82.4,62.5,39.5,61.8,2402.5
107.10.08,FK5,甜椒-青椒,950,花蓮市,74.2,49.1,25.5,49.4,1130
107.10.08,FM2,菜豆-青色,950,花蓮市,50,44.7,30.4,42.9,669.5
107.10.08,FN1,敏豆-白豆,950,花蓮市,123.2,103.2,32.2,93,155.5
107.10.08,FN3,敏豆-粉豆,950,花蓮市,110,98.2,52.4,91.4,57.5
107.10.08,FN5,敏豆-醜豆,950,花蓮市,125,125,83.8,116.8,17
107.10.08,FT1,南瓜-木瓜形,950,花蓮市,26.4,17,13.6,18.2,3354
107.10.08,FU2,隼人瓜苗-瓜苗,950,花蓮市,55,55,53.1,54.6,19.5
107.10.08,FV0,辣椒-其他,950,花蓮市,56,56,56,56,2
107.10.08,FV1,辣椒-紅小,950,花蓮市,92.3,84.9,63.4,82.1,93
107.10.08,FV2,辣椒-青小,950,花蓮市,109.3,96.2,47,88.9,205
107.10.08,FV3,辣椒-雞心,950,花蓮市,100,100,100,100,12.5
107.10.08,FV4,辣椒-朝天椒,950,花蓮市,130,128.7,120,127.2,30.5
107.10.08,FV5,辣椒-青龍,950,花蓮市,105,105,105,105,30.5
107.10.08,FV6,辣椒-糯米椒,950,花蓮市,110,107.2,105,107.3,35.5
107.10.08,FW2,洛神花,950,花蓮市,15,13.6,13,13.8,140
107.10.08,FY2,玉米-甜硬殼,950,花蓮市,18.6,16.6,11.3,15.9,1917
107.10.08,FY7,玉米-糯米(白),950,花蓮市,15,15,15,15,41
107.10.08,FZ1,落花生-生落花生,950,花蓮市,60,60,60,60,28.5
107.10.08,LA1,甘藍-初秋,950,花蓮市,39.6,31.5,17.2,30.3,2147
107.10.08,LA3,甘藍-甜甘藍,950,花蓮市,50,42,28.6,40.9,7624
107.10.08,LA6,甘藍-甘藍芽,950,花蓮市,75,70.2,33.1,63.7,53.5
107.10.08,LC2,包心白菜-成功白,950,花蓮市,51.7,40.6,31.6,41,2329
107.10.08,LJ3,芥菜-大芥菜,950,花蓮市,17.6,16,15.2,16.1,716
107.10.08,LP1,芫荽,950,花蓮市,48,48,48,48,9.5
107.10.08,LQ1,紅鳳菜-紅鳳菜,950,花蓮市,70,70,70,70,42.5
107.10.08,LX1,蕨菜-過貓,950,花蓮市,43,38.1,21.6,35.8,142
107.10.08,OX1,其他蔬菜,950,花蓮市,25.8,10,5.9,12.3,2640
107.10.08,SA1,蘿蔔-梅花,950,花蓮市,20.1,18.2,16.9,18.3,2144
107.10.08,SE1,青蔥-日蔥,950,花蓮市,35,31.3,26.8,31.1,402.5
107.10.08,SE2,青蔥-北蔥,950,花蓮市,40,31.4,30,32.8,53
107.10.08,SF1,韭菜-白頭,950,花蓮市,50,47.9,45.1,47.7,306
107.10.08,SJ2,芋-檳榔心芋,950,花蓮市,41.4,26.7,19,28.1,2015
107.10.08,SJ3,芋-里芋,950,花蓮市,43,41.9,38,41.4,143
107.10.08,SJ4,芋-芋莖,950,花蓮市,17,11.3,6,11.4,99
107.10.08,SN1,蓮藕,950,花蓮市,63,37.8,10,37.3,126
107.10.08,SO1,甘薯-改良種,950,花蓮市,23.5,11.2,5.4,12.5,1228
107.10.08,SO3,甘藷-臺農66號,950,花蓮市,10,10,10,10,53
107.10.08,SP1,薑-老薑,950,花蓮市,97.3,75.7,51.2,75.1,448.5
107.10.08,SP2,薑-嫩薑,950,花蓮市,31.6,27.2,21.1,26.9,1485
107.10.08,SQ1,茭白筍-帶殼,950,花蓮市,40,40,40,40,6.5
107.10.08,SU2,薯蕷-白薯蕷,950,花蓮市,43,33.9,24.2,33.8,436

